epoch,m0_rmse_e,m0_rmse_f,m0_rel_f,m1_rmse_e,m1_rmse_f,m1_rel_f,m2_rmse_e,m2_rmse_f,m2_rel_f,m3_rmse_e,m3_rmse_f,m3_rel_f,mean_rmse_e,std_rmse_e,mean_rmse_f,std_rmse_f,mean_rel_f
0,0.6927573084831238,0.7191787958145142,12.841593014431524,0.6317540407180786,0.42878425121307373,7.656333692152126,0.7026696801185608,0.7768949270248413,13.872167152161948,0.6417384743690491,0.569736897945404,10.17317169429807,0.6672298759222031,0.03566499671107451,0.6236487179994583,0.1565130890218501,11.135816388260917
1,0.5415279269218445,0.7082725167274475,12.646851458989394,0.5443613529205322,0.5055720806121826,9.027450387115527,0.542205274105072,0.5839027166366577,10.42611530082262,0.5346084833145142,0.46325990557670593,8.271927929385669,0.5406757593154907,0.004221415379325422,0.5652518048882484,0.10765190436290671,10.093086269078302
2,0.45486488938331604,0.3576653003692627,6.386439991636057,0.4507009983062744,0.348636656999588,6.22522533361142,0.44442126154899597,0.5261607766151428,9.3950803232407,0.45267772674560547,0.3325295150279999,5.937617630174415,0.450666218996048,0.00449724729004168,0.39124806225299835,0.09054067601210337,6.986090819665648
3,0.3645152747631073,0.36245197057724,6.471910351806414,0.3720584809780121,0.3489777743816376,6.2313162954361045,0.34451985359191895,0.43423405289649963,7.753644869338124,0.3830987215042114,0.3499891459941864,6.249375257561082,0.36604808270931244,0.01625487947041791,0.3739132359623909,0.04067800750970597,6.676561693535431
4,0.3094620406627655,0.458466500043869,8.186337303849914,0.32831236720085144,0.4127621650695801,7.370244738064033,0.2839585244655609,0.46389898657798767,8.283339303260258,0.3123757243156433,0.3795146942138672,6.776580836996579,0.3085271641612053,0.01835536002688691,0.428660586476326,0.03999256537082995,7.654125545542696
5,0.2610958516597748,0.49521979689598083,8.84260092405144,0.2879718244075775,0.4609467685222626,8.230624758584979,0.2441413551568985,0.4561455249786377,8.144894178221344,0.2763424217700958,0.36449873447418213,6.508457187049789,0.26738786324858665,0.019007657435891837,0.4442027062177658,0.05591201777609504,7.931644261976888
6,0.23121067881584167,0.41182440519332886,7.353500180596313,0.2629964053630829,0.3224855661392212,5.758273766537044,0.21224845945835114,0.5389875769615173,9.62411453654639,0.2503410577774048,0.2980598211288452,5.322129822467774,0.23919915035367012,0.022215661624687355,0.39283934235572815,0.10901460232656286,7.014504576536881
7,0.20403052866458893,0.4211035668849945,7.5191880716367026,0.22827425599098206,0.3918568789958954,6.9969617976173835,0.19988161325454712,0.5196338891983032,9.278536798395614,0.21726900339126587,0.3723307251930237,6.648304521105655,0.212363850325346,0.012941561307643368,0.4262312650680542,0.06541460107073627,7.610747797188838
8,0.18530216813087463,0.4349428713321686,7.766301468677482,0.21259614825248718,0.3428827226161957,6.122483589815173,0.1860695630311966,0.42896568775177,7.659573406951066,0.20956207811832428,0.34541842341423035,6.167760839150439,0.19838248938322067,0.014716365744219126,0.38805242627859116,0.05076274595567834,6.92902982614854
9,0.18287654221057892,0.3702683448791504,6.611478840501793,0.20170912146568298,0.3104250729084015,5.542922665357695,0.17359831929206848,0.4615148603916168,8.240768556794146,0.19904176890850067,0.3362810015678406,6.004603842259813,0.18930643796920776,0.013375248013316958,0.3696223199367523,0.06598134561067957,6.599943476228361
10,0.17331033945083618,0.3734135329723358,6.66763904111057,0.18639522790908813,0.3305027186870575,5.901427333846165,0.17326048016548157,0.46530017256736755,8.30835875644472,0.18370912969112396,0.3763149380683899,6.719446274068999,0.17916879430413246,0.006881512849712935,0.3863828405737877,0.05662772851875072,6.899217851367614
11,0.17012767493724823,0.3326272964477539,5.9393636065632665,0.17483532428741455,0.35921865701675415,6.4141765906423664,0.16949953138828278,0.46420446038246155,8.28879381651406,0.17420604825019836,0.3683387339115143,6.577023877609703,0.17216714471578598,0.0027417699691827343,0.38109728693962097,0.057438655330746394,6.804839472832349
12,0.16344720125198364,0.326795369386673,5.835229232407488,0.1691279262304306,0.36214780807495117,6.466479253048529,0.17518724501132965,0.3833898603916168,6.845775461765223,0.16311654448509216,0.31732892990112305,5.666197325631791,0.16771972924470901,0.005691825010636275,0.347415491938591,0.030776544064304575,6.203420318213258
13,0.16311194002628326,0.29562580585479736,5.2786682608614806,0.16462942957878113,0.33755284547805786,6.027313774710471,0.16990689933300018,0.3828843832015991,6.836749705736176,0.16084159910678864,0.2887747585773468,5.156336566195749,0.1646224670112133,0.0038514900719852753,0.3262094482779503,0.04350262860060675,5.824767076875968
14,0.1621052771806717,0.28323885798454285,5.0574880144936305,0.16122554242610931,0.31296390295028687,5.588255790194586,0.17302574217319489,0.3581875264644623,6.3957648146357045,0.15871566534042358,0.29171448945999146,5.208828141012167,0.16376805678009987,0.006336681921788447,0.31152619421482086,0.03352622838921188,5.562584190084022
15,0.16374410688877106,0.2780073583126068,4.964074818730471,0.15897531807422638,0.31868672370910645,5.690441971860397,0.17020373046398163,0.33601418137550354,5.99983952448798,0.15650421380996704,0.25322338938713074,4.521534460094304,0.16235684230923653,0.006032857897357672,0.2964829131960869,0.037720299104510316,5.293972693793289
16,0.1607772260904312,0.2621002495288849,4.680038890216346,0.16004160046577454,0.31589677929878235,5.640624971055064,0.1662527322769165,0.31608086824417114,5.643912046993478,0.154066801071167,0.24796797335147858,4.427694215854445,0.1602845899760723,0.004986025659526663,0.28551146760582924,0.03566209245467834,5.098067531029833
17,0.15665435791015625,0.293224960565567,5.235798979572405,0.15360483527183533,0.30670106410980225,5.476427093391322,0.16607455909252167,0.300232857465744,5.3609313672386,0.14888757467269897,0.2504185140132904,4.471450853324079,0.15630533173680305,0.007254318792204077,0.2876443490386009,0.02542003771352924,5.136152073381601
18,0.15429741144180298,0.2722763121128082,4.861741764317533,0.15112102031707764,0.30325180292129517,5.414837390467564,0.16339239478111267,0.29936569929122925,5.345447467517051,0.15159675478935242,0.23987725377082825,4.283227042109516,0.15510189533233643,0.005701255755049904,0.2786927670240402,0.029316271565262127,4.976313416102916
19,0.1509837806224823,0.26607775688171387,4.751060909961923,0.14861321449279785,0.301162987947464,5.377539694911883,0.16095072031021118,0.2900961637496948,5.17993146016261,0.14876815676689148,0.2301715910434723,4.10992358627155,0.1523289680480957,0.005848941292900271,0.27187712490558624,0.031424933702984985,4.854613912826991
20,0.14802129566669464,0.2522870898246765,4.504815977860676,0.14659591019153595,0.2871299386024475,5.126966806099108,0.1580415964126587,0.2770783305168152,4.947486180519665,0.14597703516483307,0.2266751527786255,4.047491493642351,0.1496589593589306,0.005653594205351757,0.2607926279306412,0.027050719838659767,4.65669011453045
21,0.14733141660690308,0.25339460372924805,4.5245916482546065,0.14624841511249542,0.2643747329711914,4.720651865535069,0.15703748166561127,0.26701271533966064,4.767755445551999,0.14518983662128448,0.22344328463077545,3.9897835416385785,0.14895178750157356,0.005460908002960266,0.2520563341677189,0.019966086714432396,4.500695625245063
22,0.1432337909936905,0.2501862645149231,4.467303826808285,0.1426171362400055,0.2542610466480255,4.540062776432927,0.15709860622882843,0.26644280552864075,4.757579186337125,0.14210276305675507,0.22097148001194,3.945647216831717,0.14626307412981987,0.007238470453268711,0.24796539917588234,0.01927566373523936,4.4276482516025135
23,0.14117629826068878,0.23829355835914612,4.25494871681127,0.1421903520822525,0.24494564533233643,4.373727793868963,0.15360920131206512,0.2624207139015198,4.68576107373031,0.14014989137649536,0.2146262526512146,3.83234739789283,0.14428143575787544,0.006274057140961029,0.24007154256105423,0.019781020734098705,4.286696245575843
24,0.14103767275810242,0.23104214668273926,4.125468150823433,0.14107045531272888,0.24317385256290436,4.3420908187754605,0.152731254696846,0.26440802216529846,4.721246274442825,0.1367085576057434,0.21205562353134155,3.78644647152991,0.14288698509335518,0.006875132648492693,0.2376699112355709,0.021948720112935607,4.243812928892908
25,0.14019615948200226,0.22576825320720673,4.031297975050173,0.13880027830600739,0.23478612303733826,4.192320261704934,0.14721818268299103,0.25922176241874695,4.628640878788862,0.1365257054567337,0.21293926239013672,3.8022246488933464,0.1406850814819336,0.004610616298510215,0.23317885026335716,0.019539485367751862,4.163620941109329
26,0.1410115361213684,0.21842336654663086,3.9001483280066744,0.1393345147371292,0.22634291648864746,4.041559111812752,0.14565663039684296,0.24926155805587769,4.450792350004484,0.13615255057811737,0.20954422652721405,3.741603188590592,0.1405388079583645,0.003962539354015987,0.22589301690459251,0.017023216974166984,4.033525744603626
27,0.13937413692474365,0.21044501662254333,3.757687616917693,0.13469134271144867,0.22062774002552032,3.939509426015195,0.14244090020656586,0.2350665032863617,4.197326706650472,0.13452966511249542,0.20846602320671082,3.722350885395209,0.1377590112388134,0.0038456894433925564,0.21865132078528404,0.012171663325560278,3.904218658744642
28,0.1381034255027771,0.20724552869796753,3.700557843318824,0.13065388798713684,0.21936291456222534,3.9169248143324653,0.14134405553340912,0.22703571617603302,4.053929681798558,0.1324106603860855,0.20467731356620789,3.6547000209142992,0.13562800735235214,0.004962999321256353,0.21458036825060844,0.010486162382100709,3.831528090091037
29,0.13894949853420258,0.2066451609134674,3.689837729221474,0.12917815148830414,0.21793368458747864,3.8914046102239213,0.1392165869474411,0.23150858283042908,4.133796793451264,0.13109397888183594,0.20158334076404572,3.599454316015438,0.13460955396294594,0.005225554924097313,0.2144176922738552,0.013286503984517598,3.8286233622280244
30,0.13885702192783356,0.20667152106761932,3.6903084138042046,0.12802410125732422,0.2264750599861145,4.0439186544242025,0.1378261148929596,0.22391007840633392,3.998118570038022,0.1302388459444046,0.1957790106534958,3.4958127105692225,0.1337365210056305,0.005410168761148554,0.21320891752839088,0.014572171949725038,3.8070395872089127
31,0.1370997428894043,0.2017333209514618,3.6021323489861463,0.1266290247440338,0.22783949971199036,4.068281969575305,0.13680925965309143,0.22491143643856049,4.015998730557802,0.13037694990634918,0.19247077405452728,3.4367411302519995,0.13272874429821968,0.005115132769434663,0.21173875778913498,0.01736008176610158,3.7807885448428133
32,0.13495121896266937,0.19925346970558167,3.5578523443179653,0.12573054432868958,0.2187000811100006,3.905089318793167,0.1362496018409729,0.22933056950569153,4.094906380025473,0.12982136011123657,0.18855129182338715,3.366755201950828,0.1316881813108921,0.004845356257020711,0.20895885303616524,0.018444162369596343,3.731150811271858
33,0.13397982716560364,0.1947067379951477,3.476666304753109,0.12436888366937637,0.22743387520313263,4.061039174195709,0.1346500813961029,0.2222345918416977,3.9682012300254623,0.12907592952251434,0.18863391876220703,3.368230581267527,0.13051868043839931,0.00479407763273685,0.20825228095054626,0.019423357458114465,3.7185343225604517
34,0.13331429660320282,0.19262546300888062,3.4395032425489616,0.12475007027387619,0.21342989802360535,3.810985395400404,0.13388079404830933,0.21224038302898407,3.789745520790099,0.12949663400650024,0.18904712796211243,3.375608808220109,0.13036044873297215,0.0042166562865079225,0.20183571800589561,0.012793994645193634,3.6039607417398933
35,0.1334766447544098,0.19039583206176758,3.399691149420187,0.12419717013835907,0.21793974936008453,3.891512902267545,0.13131512701511383,0.20136280357837677,3.5955164235200106,0.12773914635181427,0.1894654780626297,3.383078830639645,0.12918202206492424,0.004079401909873167,0.19979096576571465,0.013250575505566851,3.567449826461847
36,0.13258549571037292,0.18938672542572021,3.381672630515433,0.12354305386543274,0.21306653320789337,3.8044971853665523,0.1300840824842453,0.19556307792663574,3.491957034883328,0.12798935174942017,0.1868528127670288,3.336427310038238,0.12855049595236778,0.0038306861773650842,0.19621728733181953,0.011813481512885885,3.5036385402008876
37,0.13124603033065796,0.18840479850769043,3.364139430253358,0.12346715480089188,0.21015574038028717,3.7525223259032514,0.12933845818042755,0.19163228571414948,3.421769156554857,0.1271517425775528,0.18690653145313263,3.3373865061494548,0.12780084647238255,0.0033384507860118435,0.19427483901381493,0.010769330650904648,3.4689543547152306
38,0.13080649077892303,0.18639491498470306,3.328251127707697,0.12287136912345886,0.20686449110507965,3.693754069737704,0.12797534465789795,0.19009341299533844,3.394291181298923,0.12719492614269257,0.18444675207138062,3.2934649029131213,0.1272120326757431,0.0032835157451132,0.19194989278912544,0.010215130268200355,3.4274403204143615
39,0.13011926412582397,0.18341243267059326,3.2749961871095654,0.12334656715393066,0.20200563967227936,3.6069948479965483,0.1279122680425644,0.1880328208208084,3.357497429553131,0.12635527551174164,0.18334944546222687,3.273871493084013,0.12693334370851517,0.002846489689064815,0.18920008465647697,0.008814224084130538,3.378339989435814
40,0.130267933011055,0.18070927262306213,3.2267288002159464,0.12241977453231812,0.2029525637626648,3.6239030408618818,0.12650498747825623,0.18661221861839294,3.3321312821847795,0.12627962231636047,0.18194064497947693,3.2487160761789307,0.12636807933449745,0.003205440063046827,0.1880536749958992,0.010252870576388545,3.357869799860384
41,0.12960489094257355,0.18144533038139343,3.2398717824932532,0.1230405867099762,0.2002720981836319,3.5760408843919476,0.12578833103179932,0.18568092584609985,3.3155022007537496,0.1269061416387558,0.18133091926574707,3.237828867724342,0.12633498758077621,0.0027184796874667096,0.18718231841921806,0.008958206995801046,3.3423109338408232
42,0.12828202545642853,0.1811368763446808,3.234364054476,0.12352873384952545,0.1935938447713852,3.456794581711148,0.12563230097293854,0.18724988400936127,3.343517379046728,0.12618990242481232,0.179788738489151,3.210291824080977,0.1259082406759262,0.001953832386320344,0.18544233590364456,0.006330204649518977,3.3112419598287133
43,0.12889938056468964,0.18306945264339447,3.268871966057723,0.124209463596344,0.19030264019966125,3.398027123767052,0.1252012848854065,0.1868363469839096,3.3361332984701666,0.1257602870464325,0.18075834214687347,3.227604981296179,0.12601760402321815,0.002025388588195007,0.1852416954934597,0.004202188752115936,3.3076593423977805
44,0.12790657579898834,0.18121886253356934,3.235827992618557,0.12369506806135178,0.18942050635814667,3.3822758198591583,0.12516039609909058,0.18633578717708588,3.3271953468008144,0.12569795548915863,0.18165962398052216,3.24369819005925,0.12561499886214733,0.0017465207901662685,0.184658695012331,0.003929137308112287,3.297249337334445
45,0.12799294292926788,0.18153902888298035,3.2415448546561763,0.1230824813246727,0.1920987218618393,3.430097799182686,0.1257060021162033,0.18568246066570282,3.3155296063569275,0.12552975118160248,0.18043960630893707,3.221913662345017,0.1255777943879366,0.002006512325043322,0.18493995442986488,0.005279478965464493,3.3022714806352016
46,0.12753728032112122,0.1784556806087494,3.1864888603890202,0.12248195707798004,0.1858512908220291,3.3185442227064677,0.12532702088356018,0.18629898130893707,3.326538144472186,0.12536852061748505,0.17960049211978912,3.206930513547549,0.12517869472503662,0.0020731099399900125,0.18255161121487617,0.004099447913045386,3.2596254352788057
47,0.12696896493434906,0.1758536845445633,3.1400278486407704,0.1222309023141861,0.1843714714050293,3.292120697988331,0.12609165906906128,0.18535862863063812,3.3097472901602627,0.12484398484230042,0.1817026287317276,3.2444660790958584,0.1250338777899742,0.002062053534720323,0.18182160332798958,0.004267809147638877,3.2465904789713056
48,0.12634268403053284,0.1750350147485733,3.125409753120581,0.12155978381633759,0.1862945556640625,3.3264591205484604,0.1259387731552124,0.18293021619319916,3.2663857723092584,0.12468650937080383,0.18180978298187256,3.246379415915765,0.12463193759322166,0.0021660701332588553,0.18151739239692688,0.0047231370997894324,3.2411585154735163
49,0.12562137842178345,0.17412565648555756,3.109172332348556,0.12169601023197174,0.18774044513702393,3.3522767951846992,0.12589603662490845,0.18429814279079437,3.290811348733601,0.12417685240507126,0.17740818858146667,3.1677849353310075,0.12434756942093372,0.001921826430291836,0.18089310824871063,0.0062295893697896015,3.2300113528994654
50,0.12567561864852905,0.174660325050354,3.118719326985613,0.12168970704078674,0.1847197562456131,3.298339641319117,0.12431514263153076,0.1819188892841339,3.248327608405733,0.12360221892595291,0.17521893978118896,3.128693902247004,0.12382067181169987,0.0016607289240261171,0.1791294775903225,0.004976533714127377,3.1985201197393667
51,0.12466903030872345,0.17299169301986694,3.0889243809289915,0.12089546024799347,0.18054205179214478,3.2237429198386702,0.1238681823015213,0.18067124485969543,3.226049779834302,0.12407099455595016,0.1743098646402359,3.112461536877507,0.1233759168535471,0.0016882205290028435,0.17712871357798576,0.004052211498193757,3.162794654369868
52,0.12418276071548462,0.17243078351020813,3.078908830299742,0.12066010385751724,0.18090640008449554,3.2302486907444603,0.12357763200998306,0.17837531864643097,3.185053924292544,0.12372121214866638,0.17502425611019135,3.12521764782452,0.12303542718291283,0.0016044544481831277,0.1766841895878315,0.0037208341977901286,3.154857273290317
53,0.12407717853784561,0.17282773554325104,3.0859967707176947,0.12047562003135681,0.17873653769493103,3.191503819696711,0.12311741709709167,0.18057137727737427,3.224266553111035,0.1232275739312172,0.17457415163516998,3.117180622100406,0.12272444739937782,0.001559344686559357,0.17667745053768158,0.0035891817631549944,3.1547369414064614
54,0.12380293756723404,0.1742325872182846,3.111081678061204,0.12136628478765488,0.17369195818901062,3.1014282538972435,0.12165620177984238,0.17794497311115265,3.177369712450115,0.12360290437936783,0.1736306995153427,3.100334424434493,0.12260708212852478,0.0012735100659443596,0.17487505450844765,0.0020644047322892134,3.122553517210764
55,0.12342222779989243,0.17337153851985931,3.0957068686047315,0.12035058438777924,0.172830268740654,3.0860420032666287,0.12138967961072922,0.18073594570159912,3.227205072348839,0.12342650443315506,0.17302998900413513,3.089608190639346,0.12214724905788898,0.0015344901989258356,0.1749919354915619,0.0038358561321831723,3.1246405337148864
56,0.12348244339227676,0.17129448056221008,3.058619105290868,0.1203005239367485,0.17227837443351746,3.076187427296821,0.12127570062875748,0.17956660687923431,3.2063254616871024,0.12290166318416595,0.17197448015213013,3.070761117867648,0.12199008278548717,0.0014632236071038117,0.173778485506773,0.003880609837754908,3.10297327803561
57,0.12299231439828873,0.17125742137432098,3.0579573797073456,0.11956265568733215,0.17234182357788086,3.077320369610708,0.12114502489566803,0.17612770199775696,3.144920680066339,0.122848741710186,0.17143481969833374,3.0611249885018097,0.12163718417286873,0.0016176257071723512,0.17279044166207314,0.00227496716788215,3.0853308544715503
58,0.12162932008504868,0.17136172950267792,3.0598198964281567,0.11941473931074142,0.17183111608028412,3.068201221671803,0.12102802097797394,0.17479057610034943,3.1210450782222705,0.12240393459796906,0.17086100578308105,3.050879017946815,0.12111900374293327,0.001268104253023239,0.17221110686659813,0.0017646783812361835,3.074986303567261
59,0.12130621075630188,0.17069780826568604,3.047964977500198,0.11947759985923767,0.1712261587381363,3.0573991568387373,0.12022040784358978,0.17717568576335907,3.163633385560321,0.12194208055734634,0.1711825579404831,3.0566206248494385,0.12073657475411892,0.001099875065945284,0.17257055267691612,0.003079412650957907,3.081404536187174
60,0.12096264213323593,0.1702897995710373,3.0406796103098395,0.12063419818878174,0.1703099012374878,3.0410385438893215,0.12030597031116486,0.17597347497940063,3.142166816057712,0.12107786536216736,0.17008055746555328,3.036943401767894,0.12074516899883747,0.00034794225684529705,0.17166343331336975,0.0028752318081062943,3.0652070930061917
61,0.12147438526153564,0.1704929769039154,3.044307526808161,0.12105029076337814,0.17106442153453827,3.054511191626212,0.11984581500291824,0.17538924515247345,3.131734859904453,0.12065369635820389,0.16921260952949524,3.0214454001340303,0.12075604684650898,0.0006932020370859686,0.1715398132801056,0.0026805389226251344,3.0629997446182142
62,0.1207074522972107,0.1699618697166443,3.034824123813429,0.12029106169939041,0.17194373905658722,3.0702122075826437,0.11980245262384415,0.17664511501789093,3.1541595612230107,0.1204712837934494,0.16920869052410126,3.0213754227200913,0.12031806260347366,0.000383702908754965,0.17193985357880592,0.0033422134430859582,3.0701428288347934
63,0.12048149853944778,0.17128746211528778,3.0584937845229394,0.11980652809143066,0.17191073298454285,3.069622854077416,0.11967089772224426,0.17706623673439026,3.1616790733725564,0.12001281976699829,0.16879145801067352,3.0139253558368497,0.11999293603003025,0.00035475121792545545,0.1722639724612236,0.0034736363915555597,3.07593026695244
64,0.11994940042495728,0.17262166738510132,3.082317235898825,0.11922990530729294,0.17188362777233124,3.0691388658038226,0.11921482533216476,0.1755492389202118,3.134591694480359,0.11978721618652344,0.16846339404582977,3.008067474676084,0.1195453368127346,0.0003788174175864386,0.17212948203086853,0.0029119082537984384,3.0735288177147724
65,0.11996551603078842,0.17324872314929962,3.0935138882028856,0.11853983998298645,0.17193737626075745,3.0700985940626744,0.11812969297170639,0.17092879116535187,3.0520893877415243,0.12008176743984222,0.16853874921798706,3.0094130099699608,0.11917920410633087,0.000990482562098564,0.171163409948349,0.001990933191716988,3.0562787199942614
66,0.11972203850746155,0.17252689599990845,3.08062500642106,0.11854862421751022,0.1707591563463211,3.0490604034058517,0.11709880828857422,0.16817492246627808,3.002916551647774,0.1194775179028511,0.16798238456249237,2.9994786118549754,0.11871174722909927,0.0011881742765948633,0.16986083984375,0.0021821808368333753,3.0330201433324153
67,0.11961858719587326,0.17272353172302246,3.084136116513605,0.11908040940761566,0.1691368818283081,3.020093212994722,0.11681073904037476,0.1675519347190857,2.9917925374958254,0.11995532363653183,0.1676180064678192,2.99297230880155,0.11886626482009888,0.0014169312143048614,0.16925758868455887,0.0024238273168966655,3.0222485439514255
68,0.11954732239246368,0.17357377707958221,3.0993180224525654,0.11916044354438782,0.16892112791538239,3.0162407301946343,0.11713463068008423,0.16745932400226593,2.990138888721563,0.11955209076404572,0.16764171421527863,2.9933956322448085,0.11884862184524536,0.0011573028213203071,0.1693989858031273,0.002858176673920226,3.024773318403393
69,0.1201019361615181,0.17580600082874298,3.1391764124255426,0.11973342299461365,0.1664435714483261,2.972001700894311,0.11751535534858704,0.16812023520469666,3.001940060738435,0.11985822021961212,0.16708526015281677,2.983459637686919,0.11930223368108273,0.001201041698899505,0.16936376690864563,0.004350014695101906,3.0241444529363024
70,0.12022104859352112,0.17654509842395782,3.152373673761571,0.11982221156358719,0.16623419523239136,2.9682630976880104,0.11748635768890381,0.1669958233833313,2.981862662635733,0.1197473332285881,0.1668224185705185,2.9787663616242943,0.11931923776865005,0.0012394838323267561,0.16914938390254974,0.004941238334371857,3.020316448927402
71,0.12001175433397293,0.17502285540103912,3.1251926368856977,0.11952884495258331,0.16583865880966187,2.961200434282697,0.11778128892183304,0.16627126932144165,2.9689250893453494,0.11951779574155807,0.16634991765022278,2.9703294269528406,0.11920992098748684,0.0009798682996979087,0.16837067529559135,0.004440479499106106,3.0064118968666462
72,0.11991385370492935,0.1757134348154068,3.137523561872732,0.11915145814418793,0.16605834662914276,2.965123160570541,0.11772609502077103,0.16576260328292847,2.959842393519409,0.12003155797719955,0.16590376198291779,2.9623629107903002,0.11920574121177197,0.0010607695532013186,0.16835953667759895,0.004904086250864636,3.0062130066882458
73,0.11962098628282547,0.17774386703968048,3.1737787802123925,0.11922477930784225,0.16572315990924835,2.9591380961251255,0.1181887686252594,0.1659385859966278,2.9629847253012334,0.12030890583992004,0.16585087776184082,2.961418614812849,0.11933586001396179,0.000886241642352336,0.16881412267684937,0.005953819973816066,3.0143300541129
74,0.11948219686746597,0.17481377720832825,3.121459355155742,0.11910754442214966,0.16588275134563446,2.9619877467079654,0.11805292963981628,0.16543298959732056,2.953956840681648,0.12019576132297516,0.1663350909948349,2.9700646835046682,0.11920960806310177,0.0008935183023535324,0.16811615228652954,0.004480245554930605,3.001867156512506
75,0.11946293711662292,0.17287951707839966,3.0869213772326685,0.11895202100276947,0.1646958589553833,2.9407947010894984,0.11764758825302124,0.1647874414920807,2.94242999077037,0.11993426829576492,0.16670021414756775,2.9765842902489568,0.11899920366704464,0.000986320604295805,0.16726575791835785,0.0038548914663617383,2.986682589835373
76,0.11881289631128311,0.17108555138111115,3.054888484299085,0.11895739287137985,0.16417483985424042,2.9314914300690504,0.11776632815599442,0.1642056703567505,2.9320419367969586,0.1194692924618721,0.16566120088100433,2.958031761192964,0.11875147745013237,0.0007145980128790364,0.1662818156182766,0.0032767242762881494,2.9691134030895148
77,0.1178678497672081,0.1701003909111023,3.037297546018665,0.11823923885822296,0.1629045009613037,2.908808371073935,0.11736087501049042,0.16328860819339752,2.915666955861411,0.11947592347860336,0.16493315994739532,2.945031926629342,0.11823597177863121,0.0009016279833311793,0.1653066650032997,0.0033147277152417312,2.9517011998958385
78,0.11759433150291443,0.1673303097486496,2.987835221611738,0.1179705262184143,0.16286629438400269,2.9081261578064836,0.11691267788410187,0.163171648979187,2.9135785424697476,0.11958940327167511,0.16495132446289062,2.94535627061258,0.11801673471927643,0.0011361906491641736,0.16457989439368248,0.0020512049354605346,2.938724048125137
79,0.1175621896982193,0.16782690584659576,2.9967023976456986,0.11769644170999527,0.16295892000198364,2.9097800726545633,0.11648455262184143,0.1626311093568802,2.9039267147486907,0.11892155557870865,0.16478107869625092,2.9423163772504,0.11766618490219116,0.0009973198848734746,0.16454950347542763,0.0023808391493692874,2.938181390574838
80,0.1171698048710823,0.16720084846019745,2.9855235722873945,0.11743132770061493,0.16216032207012177,2.895520378566222,0.11673721671104431,0.16230769455432892,2.8981518486189093,0.11837568134069443,0.1655396968126297,2.9558621952870374,0.117428507655859,0.0006932907622662487,0.16430214047431946,0.0024832273544866,2.9337644986898908
81,0.1173701360821724,0.16671432554721832,2.9768362621539004,0.11724228411912918,0.16172677278518677,2.887778960853082,0.11668441444635391,0.16233380138874054,2.8986180099467465,0.11813623458147049,0.16439515352249146,2.935425331457219,0.1173582673072815,0.0005980255640134258,0.16379251331090927,0.0022579700588766746,2.924664641102737
82,0.11681350320577621,0.16451314091682434,2.937532103942273,0.11702532321214676,0.16180090606212616,2.8891026780939435,0.1170966625213623,0.16258850693702698,2.9031660097051484,0.117571622133255,0.16523130238056183,2.950355531565053,0.11712677776813507,0.0003200142786496983,0.16353346407413483,0.0016059392772683418,2.9200390808266046
83,0.11725424975156784,0.1665794998407364,2.9744288262553447,0.11611884832382202,0.16130051016807556,2.8801676532365814,0.11687855422496796,0.16307859122753143,2.9119169114809678,0.11764296144247055,0.1649063229560852,2.944552727684459,0.11697365343570709,0.0006497289536363999,0.16396623104810715,0.0022808564794307555,2.9277665296643383
84,0.11659099161624908,0.16492411494255066,2.944870419822266,0.11552019417285919,0.1609576791524887,2.8740460929229124,0.11745275557041168,0.16351532936096191,2.9197152689910006,0.11750660091638565,0.16480998694896698,2.9428325604558823,0.1167676355689764,0.0009314455295972912,0.16355177760124207,0.001843644558756413,2.9203660855480154
85,0.1161246970295906,0.16287268698215485,2.908240303474088,0.11538418382406235,0.1606796532869339,2.869081687640501,0.11762938648462296,0.16312047839164734,2.9126648449812813,0.11759388446807861,0.1654096245765686,2.9535396369361866,0.11668303795158863,0.0011141489356376942,0.16302061080932617,0.0019338496920531794,2.910881618258014
86,0.11618365347385406,0.16302208602428436,2.9109079595659226,0.11528439074754715,0.16088442504405975,2.8727380740372688,0.11697247624397278,0.1615104228258133,2.883915835100304,0.11764125525951385,0.16403046250343323,2.9289134408536315,0.11652044393122196,0.0010168261946607864,0.16236184909939766,0.0014292063097808144,2.899118827389282
87,0.11615119129419327,0.1632605642080307,2.91516620493733,0.11530003696680069,0.16109320521354675,2.8764660342908797,0.11675123870372772,0.16097231209278107,2.8743073774114603,0.11752725392580032,0.1639264076948166,2.927055447387714,0.1164324302226305,0.0009419284490447182,0.16231312230229378,0.0015040285506847304,2.8982487660068457
88,0.11625885218381882,0.16276498138904572,2.9063171219229424,0.11520537734031677,0.16165691614151,2.886531606797773,0.11622321605682373,0.1606789231300354,2.869068650023455,0.11742688715457916,0.16310817003250122,2.9124450680082257,0.11627858318388462,0.000908079956630766,0.1620522476732731,0.0011053308251955018,2.893590611688099
89,0.11661675572395325,0.16287861764431,2.908346200853357,0.1154249757528305,0.1601794958114624,2.8601509199642146,0.11579112708568573,0.160066619515419,2.858135410798481,0.11754748225212097,0.1622644066810608,2.897378904179773,0.11634508520364761,0.0009439340605005926,0.16134728491306305,0.0014364223517317324,2.881002858948956
90,0.11653736233711243,0.1624683141708374,2.9010198582951405,0.11540351808071136,0.15937504172325134,2.845786658865691,0.11585663259029388,0.1599918007850647,2.856799454162025,0.1173408031463623,0.16194017231464386,2.891589403990043,0.11628457903862,0.0008443765621171946,0.16094383224844933,0.0014926716850910667,2.873798843828225
91,0.11629296094179153,0.1618015021085739,2.8891133210466338,0.11461449414491653,0.15919701755046844,2.8426078749709016,0.11566175520420074,0.15948422253131866,2.8477361817247444,0.11722347140312195,0.16169022023677826,2.8871262817793464,0.11594817042350769,0.0010963574818508375,0.16054324060678482,0.001394348124874879,2.8666459148804067
92,0.11625362932682037,0.16165503859519958,2.8864980814967987,0.11460906267166138,0.15863724052906036,2.832612545951764,0.11612241715192795,0.15957090258598328,2.8492839331197377,0.11710251867771149,0.16167576611042023,2.8868681901766053,0.1160219069570303,0.0010372476755839094,0.16038473695516586,0.0015271425032942485,2.8638156876862264
93,0.11619739979505539,0.1624525934457779,2.9007391504179325,0.11502877622842789,0.15832799673080444,2.8270907160221954,0.11630980670452118,0.15970371663570404,2.851655449052964,0.11688848584890366,0.1610782891511917,2.8761996943998036,0.11610611714422703,0.0007794412952509411,0.16039064899086952,0.0017749060380519751,2.863921252473224
94,0.1161767765879631,0.16341859102249146,2.917987917769358,0.11486421525478363,0.1582360863685608,2.8254495727173445,0.11606992781162262,0.1595481038093567,2.848876840179332,0.11670374125242233,0.16132628917694092,2.880627960940439,0.11595366522669792,0.0007773482604018941,0.16063226759433746,0.002248136990400989,2.8682355729016185
95,0.116021528840065,0.16276144981384277,2.906254062428252,0.11463209241628647,0.15891839563846588,2.8376328267357995,0.11614940315485,0.16018624603748322,2.860271451403433,0.11682973057031631,0.16131259500980377,2.880383439102378,0.11590818874537945,0.000921717878860285,0.1607946716248989,0.0016357520543391227,2.8711354449174653
96,0.11634739488363266,0.16209903359413147,2.894426016955837,0.11487012356519699,0.15907856822013855,2.840492854197513,0.11634087562561035,0.16028259694576263,2.861991884705827,0.11653075367212296,0.16131043434143066,2.880344858398876,0.11602228693664074,0.0007731349139542732,0.16069265827536583,0.001308048903960302,2.8693139035645134
97,0.11599579453468323,0.16188719868659973,2.8906435115696882,0.11434296518564224,0.15854863822460175,2.831030471034344,0.11615725606679916,0.1599605530500412,2.856241497367234,0.11656630039215088,0.16093672811985016,2.8736719931358468,0.11576557904481888,0.0009783310499204658,0.1603332795202732,0.0014262637161053385,2.8628968682767786
98,0.11580105870962143,0.162009134888649,2.8928207936163153,0.11432722955942154,0.1577897071838379,2.817479065447545,0.11599334329366684,0.15960517525672913,2.849895902899433,0.11668902635574341,0.16081112623214722,2.8714292569301736,0.1157026644796133,0.0009931274788606424,0.1600537858903408,0.0018003942150115943,2.8579062547233667
99,0.11598235368728638,0.16220946609973907,2.8963978900155407,0.11422454565763474,0.1572059541940689,2.807055623656438,0.11610008776187897,0.15955476462841034,2.8489957751756467,0.11682412773370743,0.16078130900859833,2.870896843221839,0.11578277871012688,0.0011034813456546166,0.15993787348270416,0.002119879862788107,2.8558365330173663
100,0.11600933969020844,0.1616889089345932,2.887102867283428,0.11397386342287064,0.1570761799812317,2.8047383867819327,0.1159292608499527,0.1599636971950531,2.8562976389426753,0.1170923039317131,0.16136495769023895,2.8813184224962254,0.11575119197368622,0.0012981816552069241,0.16002343595027924,0.0021026465312574192,2.8573643288760655
101,0.11597950756549835,0.16072076559066772,2.869815785302317,0.11422444134950638,0.15690763294696808,2.8017288258349202,0.11584505438804626,0.1598663032054901,2.8545585804730726,0.11658012121915817,0.1617828756570816,2.8887807287750604,0.11565728113055229,0.0010072656615633165,0.15981939435005188,0.002093504547059115,2.853720980096343
102,0.11594030261039734,0.1607043296098709,2.869522305881881,0.11417160928249359,0.15695416927337646,2.802559774366219,0.11630263179540634,0.16031718254089355,2.8626094420356845,0.11612319946289062,0.16406401991844177,2.929512639090098,0.11563443578779697,0.0009863724334587317,0.16050992533564568,0.002906884488278972,2.8660510403434705
103,0.1155003160238266,0.15884003043174744,2.8362335445308364,0.11387242376804352,0.1564788967370987,2.794073349964755,0.11662086099386215,0.16030330955982208,2.862361727311817,0.11630745977163315,0.16689075529575348,2.9799865761502424,0.11557526513934135,0.0012294532356929959,0.16062824800610542,0.004462414167003424,2.8681637994894125
104,0.1150636076927185,0.1581728458404541,2.8243203554368987,0.1138480007648468,0.1562538743019104,2.7900553692503323,0.11607206612825394,0.16061779856681824,2.86797721522506,0.11648304760456085,0.16565464437007904,2.9579146887133705,0.11536668054759502,0.0011750298806372608,0.16017479076981544,0.004066383357768577,2.8600669071564155
105,0.11526758223772049,0.15837807953357697,2.827984990122002,0.11366497725248337,0.1568334400653839,2.80040404429879,0.11593804508447647,0.15919138491153717,2.842507299067978,0.1164991483092308,0.16539844870567322,2.9533400815732427,0.11534243822097778,0.0012264045666316226,0.15995033830404282,0.0037614256814764166,2.8560591037655034
106,0.11484003812074661,0.1581314355134964,2.823580936298737,0.11363877356052399,0.15662631392478943,2.796705618238895,0.1162538081407547,0.15875600278377533,2.834733154275315,0.11634582281112671,0.16473110020160675,2.941423965667315,0.115269610658288,0.0012872502329726746,0.15956121310591698,0.0035606176155377985,2.849110918620066
107,0.11481332778930664,0.15781769156455994,2.8179787520763564,0.11339686065912247,0.15680170059204102,2.799837307068029,0.1163858026266098,0.15812718868255615,2.823505105260818,0.11629641056060791,0.16336697340011597,2.917066238066374,0.1152231004089117,0.0014150307832060827,0.15902838855981827,0.0029472815811303022,2.839596850617894
108,0.11461296677589417,0.15849481523036957,2.830069412406406,0.11305808275938034,0.15625803172588348,2.7901296038453474,0.11613710969686508,0.15860898792743683,2.8321080699942414,0.11627890914678574,0.16148388385772705,2.8834419576317663,0.11502176709473133,0.0015108021190482753,0.15871142968535423,0.0021418901171096675,2.8339372609694404
109,0.11431808769702911,0.1590317189693451,2.8396563181160515,0.11283674091100693,0.1558215171098709,2.7823352374425734,0.11584682017564774,0.15937887132167816,2.8458550398367257,0.11635255813598633,0.16071315109729767,2.8696798215816983,0.11483855172991753,0.0015902777556672896,0.15873631462454796,0.0020739712170546073,2.834381604244262
110,0.1142665296792984,0.15946698188781738,2.8474283343181765,0.11275837570428848,0.15541566908359528,2.7750884509557174,0.11537674814462662,0.1586521863937378,2.8328794179904744,0.11665920913219452,0.159552201628685,2.8489500104790784,0.114765215665102,0.0016570332492799266,0.15827175974845886,0.0019467978571155338,2.8260865534358617
111,0.11407417804002762,0.15862812101840973,2.8324497087756018,0.11273164302110672,0.1554296761751175,2.7753385603439407,0.11534859240055084,0.15844690799713135,2.8292139850839195,0.11644995212554932,0.1594187170267105,2.8465665212240756,0.11465109139680862,0.0016061878947624094,0.15798085555434227,0.0017523431265125003,2.820892193856884
112,0.11443208158016205,0.1592884659767151,2.844240769987418,0.11277225613594055,0.1551998257637024,2.771234371712726,0.11505374312400818,0.15885283052921295,2.836462101939862,0.11656342446804047,0.15869511663913727,2.8336459766579964,0.11470537632703781,0.0015690066933586365,0.15800905972719193,0.0018895589490419203,2.8213958050745007
113,0.1144406720995903,0.1590409129858017,2.8398204856613,0.11275386810302734,0.15514600276947021,2.770273313084788,0.11495724320411682,0.1580565869808197,2.822244447514647,0.11693654954433441,0.15835867822170258,2.827638562011931,0.11477208323776722,0.001722616641237396,0.15765054523944855,0.0017197071136597656,2.814994202068166
114,0.11414257436990738,0.15838836133480072,2.8281685810559103,0.11290235072374344,0.15511536598205566,2.7697262653165042,0.1146928071975708,0.15770380198955536,2.8159451498910486,0.11694935709238052,0.1583671122789383,2.8277891597924993,0.11467177234590054,0.0016929991255299384,0.1573936603963375,0.0015517572587994302,2.81040728901399
115,0.11374148726463318,0.1574871838092804,2.81207723480956,0.11274626106023788,0.15531255304813385,2.7732472201402874,0.11446592956781387,0.15743373334407806,2.8111228280270533,0.11718308180570602,0.1587086021900177,2.8338867734626154,0.11453418992459774,0.00190143409082335,0.1572355180978775,0.0014107204116070614,2.8075835141098793
116,0.11376705020666122,0.15713240206241608,2.8057422832944496,0.11283886432647705,0.15559594333171844,2.7783074119969124,0.11444276571273804,0.15754804015159607,2.8131638802792445,0.11722663044929504,0.15899579226970673,2.8390148141426415,0.11456882767379284,0.0018899230585174838,0.15731804445385933,0.0013985505743373248,2.809057097428312
117,0.11412879079580307,0.15735575556755066,2.8097304637413387,0.11316816508769989,0.15557973086833954,2.7780179236837346,0.11415068060159683,0.15715941786766052,2.806224675125139,0.11754275113344193,0.15951572358608246,2.8482986617744293,0.11474759690463543,0.0019189165432890029,0.1574026569724083,0.0016175573249579966,2.8105679310811604
118,0.11383461952209473,0.15746678411960602,2.8117129797537332,0.11323951184749603,0.1556219756603241,2.778772242955663,0.1145101860165596,0.15689626336097717,2.801525811512352,0.11759471148252487,0.15905676782131195,2.8401035882028633,0.11479475721716881,0.0019374706199658492,0.1572604477405548,0.0014243784087424724,2.808028655606153
119,0.11383071541786194,0.157423198223114,2.8109347138382517,0.11339915543794632,0.15580974519252777,2.782125039126939,0.11464803665876389,0.1572810262441635,2.8083961035477873,0.1176614984869957,0.1586388349533081,2.8326410158502107,0.11488485150039196,0.0019221815235030192,0.15728820115327835,0.001158780879178164,2.808524218090797
120,0.1139952763915062,0.1573520451784134,2.8096642113608414,0.11350870877504349,0.1558721512556076,2.783239356273618,0.11460672318935394,0.15727847814559937,2.8083506049250357,0.11777567863464355,0.1582498997449875,2.8256962231459433,0.1149715967476368,0.0019226067894681012,0.15718814358115196,0.0009822060237806743,2.8067375989263597
121,0.11412598937749863,0.15731891989707947,2.809072729265076,0.11338245123624802,0.15563493967056274,2.779003727176678,0.11447803676128387,0.15707680583000183,2.8047495618822573,0.11797072738409042,0.15788355469703674,2.81915479834864,0.11498930118978024,0.0020394090260298526,0.1569785550236702,0.0009573971822769179,2.802995204168163
122,0.11396040767431259,0.1572512984275818,2.807865286282356,0.11333778500556946,0.15471503138542175,2.762577926142034,0.11444341391324997,0.15681646764278412,2.800100986220932,0.11828968673944473,0.1583690345287323,2.827823483314926,0.11500782333314419,0.0022342256666694894,0.15678795799613,0.0015288693960678222,2.7995919204900623
123,0.11360453814268112,0.1566958874464035,2.797947916891675,0.1134677305817604,0.15429334342479706,2.755048303187432,0.11461247503757477,0.1576615273952484,2.815190298471486,0.1183176040649414,0.15877526998519897,2.835077187721031,0.11500058695673943,0.0022694958555774538,0.156856507062912,0.0019083426827468419,2.800815926567906
124,0.11367923766374588,0.15658779442310333,2.796017817421281,0.1133071780204773,0.15435682237148285,2.756181777648954,0.11466283351182938,0.15807615220546722,2.8225938024367077,0.11820688098669052,0.1587112843990326,2.8339346667497223,0.11496403254568577,0.002236265613002006,0.1569330133497715,0.0019343345481058194,2.802182016064166
125,0.11364024877548218,0.15645883977413177,2.793715214606725,0.11356529593467712,0.15435515344142914,2.7561519773814207,0.1146993637084961,0.1577017456293106,2.8159084317042673,0.11829549074172974,0.158095121383667,2.8229325144060775,0.11505009979009628,0.002224702272242031,0.15665271505713463,0.0016829912017499388,2.7971770345246227
126,0.11362331360578537,0.15603512525558472,2.7861494056129756,0.1139637678861618,0.1547672152519226,2.7635097166500735,0.11473750323057175,0.15847565233707428,2.829727241477411,0.11839783191680908,0.15831708908081055,2.8268959499879625,0.115180604159832,0.002194898422890189,0.15689877048134804,0.0018062479350460729,2.8015705784321057
127,0.11385922878980637,0.1558377891778946,2.7826257900510196,0.11406850814819336,0.1546635627746582,2.7616589071772224,0.11459983140230179,0.1587124615907669,2.8339556865812856,0.11858108639717102,0.15821689367294312,2.8251068696407153,0.11527716368436813,0.0022245652671061982,0.1568576768040657,0.0019271744641381852,2.8008368133625607
128,0.11405105888843536,0.15600524842739105,2.7856159276093724,0.11419003456830978,0.15406833589076996,2.7510305885468265,0.11471127718687057,0.1581628918647766,2.82414261812697,0.11847379058599472,0.1572556346654892,2.8079427137631785,0.11535654030740261,0.0020975089327347784,0.1563730277121067,0.0017728954389899718,2.792182962011587
129,0.11422800272703171,0.1559397578239441,2.7844465331825203,0.11407540738582611,0.15383240580558777,2.746817841798171,0.11438152939081192,0.1575143039226532,2.812561489156971,0.11868054419755936,0.15738998353481293,2.8103416352995825,0.11534137092530727,0.0022296207705715435,0.1561691127717495,0.0017139494148860088,2.788541874859311
130,0.11386644095182419,0.155486062169075,2.7763453836684473,0.11395933479070663,0.15337952971458435,2.7387313263440465,0.11415685713291168,0.15662622451782227,2.7967040217959913,0.11886251717805862,0.1567722111940384,2.7993107469836738,0.11521128751337528,0.0024371636099792646,0.15556600689888,0.0015669571190094495,2.7777728696980395
131,0.11371965706348419,0.15520651638507843,2.771353838856675,0.11396772414445877,0.15318575501441956,2.7352713024244153,0.11406192183494568,0.15623775124549866,2.7897674773800585,0.11897043138742447,0.15658879280090332,2.7960356443670373,0.11517993360757828,0.002531118534724114,0.155304703861475,0.0015296019985772185,2.7731070657570465
132,0.11358730494976044,0.1555464267730713,2.7774232487021617,0.11383606493473053,0.15354648232460022,2.741712417392612,0.11383962631225586,0.15563128888607025,2.77893853909145,0.11901020258665085,0.15651391446590424,2.7946986234353126,0.11506829969584942,0.0026305883136992256,0.1553095281124115,0.0012541302310481298,2.7731932071553844
133,0.11349743604660034,0.1561303287744522,2.787849351231441,0.11352256685495377,0.15339778363704681,2.739057266770188,0.11366288363933563,0.15567880868911743,2.779787048494687,0.11897070705890656,0.1564330905675888,2.793255439050502,0.11491339839994907,0.0027058518371126904,0.15541000291705132,0.0013768152448604654,2.774987276386704
134,0.11344217509031296,0.15599797666072845,2.7854860835865503,0.11352938413619995,0.1534629762172699,2.7402213397206947,0.11383502185344696,0.15564507246017456,2.779184657372414,0.11858690530061722,0.1562252789735794,2.789544773595013,0.11484837159514427,0.0024980411321011433,0.15533282607793808,0.0012692167891243738,2.773609213568668
135,0.11336233466863632,0.15625639259815216,2.790100335725449,0.1131315603852272,0.15332771837711334,2.737806187681438,0.11430563777685165,0.15534447133541107,2.7738171502568556,0.11831117421388626,0.1560518443584442,2.78644794043594,0.11477767676115036,0.0024097937265191573,0.1552451066672802,0.0013366345958994623,2.7720429035249206
136,0.11316610872745514,0.15552864968776703,2.7771058226381724,0.11294888705015182,0.1534961462020874,2.7408136200379127,0.11451226472854614,0.15530627965927124,2.7731352030632217,0.11840871721506119,0.1560683697462082,2.7867430162992797,0.11475899443030357,0.0025295009745881342,0.15509986132383347,0.001116001604864063,2.7694494155096465
137,0.11326726526021957,0.15559688210487366,2.7783241746473992,0.11273157596588135,0.153720885515213,2.7448265453498073,0.11461542546749115,0.1554020345211029,2.774844993412926,0.11839435994625092,0.1563853621482849,2.7924032046138225,0.11475215665996075,0.0025542114900668628,0.15527629107236862,0.0011207014356623421,2.7725997295059885
138,0.11333915591239929,0.1554742008447647,2.776133588909909,0.11290062963962555,0.15376824140548706,2.745672127941055,0.11437631398439407,0.15507256984710693,2.7689621013133374,0.11845099180936813,0.15642677247524261,2.7931426237519843,0.11476677283644676,0.0025328842629466883,0.15518544614315033,0.0011023430602000734,2.7709776104790715
139,0.11330088973045349,0.1553516536951065,2.773945397836774,0.1129094734787941,0.15381725132465363,2.7465472447260186,0.11428679525852203,0.15506461262702942,2.7688200178949214,0.1184816062450409,0.15666364133358002,2.7973721331511276,0.11474469117820263,0.002557784817295871,0.1552242897450924,0.0011680765485287859,2.7716711984022107
140,0.11297912150621414,0.15557780861854553,2.7779836001613085,0.11294915527105331,0.15357498824596405,2.7422214166050276,0.11426915228366852,0.15507030487060547,2.768921658093114,0.11864131689071655,0.156753271818161,2.7989725671619383,0.11470968648791313,0.0026923418140334236,0.15524409338831902,0.0013172066166842553,2.772024810505347
141,0.11277122050523758,0.1548708826303482,2.765360792196742,0.11293599009513855,0.15369775891304016,2.7444135987854215,0.11430902034044266,0.15498678386211395,2.7674303143473797,0.11841687560081482,0.15558603405952454,2.778130472908435,0.1146082766354084,0.0026309882748717173,0.1547853648662567,0.0007899031093299942,2.7638337945594946
142,0.1126677542924881,0.1547907292842865,2.7639295811337075,0.11262436211109161,0.15373602509498596,2.745096876348142,0.1142515167593956,0.15463629364967346,2.761171992091639,0.11846008151769638,0.15535058081150055,2.7739262405219316,0.11450092867016792,0.0027458531109628517,0.15462840721011162,0.0006694005282421472,2.7610311725238548
143,0.11279234290122986,0.1549394726753235,2.7665855299775832,0.11252843588590622,0.1536921113729477,2.744312756808681,0.11387302726507187,0.15445895493030548,2.7580054475924443,0.11820264160633087,0.15528836846351624,2.772815382334877,0.1143491119146347,0.002634055089338955,0.15459472686052322,0.0006911673906445714,2.7604297791783967
144,0.11257105320692062,0.15452143549919128,2.7591210951082097,0.11246197670698166,0.15369774401187897,2.7444133327116047,0.11362030357122421,0.153636172413826,2.7433139156986917,0.11842099577188492,0.15518444776535034,2.770959783533315,0.11426858231425285,0.0028171044083272543,0.15425994992256165,0.0007367145160592602,2.7544520317629555
145,0.11274701356887817,0.15438789129257202,2.756736541557938,0.11244364082813263,0.15338119864463806,2.7387611266115797,0.11368771642446518,0.15299484133720398,2.7318623646776974,0.11840862035751343,0.1547970473766327,2.7640423964322256,0.11432174779474735,0.0027755838294529793,0.1538902446627617,0.0008427768178335079,2.7478506073198603
146,0.11295952647924423,0.15431398153305054,2.755416815424335,0.11247668415307999,0.1531640887260437,2.734884431094121,0.11395354568958282,0.15306980907917023,2.7332009820523258,0.1183113381266594,0.15439708530902863,2.7569007091031867,0.11442527361214161,0.0026626703501985193,0.15373624116182327,0.0007169353885344574,2.745100734418492
147,0.11285505443811417,0.15403692424297333,2.7504697049400453,0.1124349907040596,0.1530827134847641,2.7334314019780717,0.11383924633264542,0.15257342159748077,2.7243375310518063,0.11837074905633926,0.15435369312763214,2.756125902147329,0.11437501013278961,0.0027280587171308536,0.15351168811321259,0.000826480232211626,2.741091135029313
148,0.1131172925233841,0.1539894938468933,2.749622791979711,0.11255879700183868,0.15292340517044067,2.7305868067977594,0.11390846222639084,0.15256454050540924,2.7241789510567203,0.1181071326136589,0.15438099205493927,2.7566133493805474,0.11442292109131813,0.002517783882930507,0.15346460789442062,0.0008599005535443638,2.7402504748036844
149,0.11297312378883362,0.15390807390213013,2.74816896464221,0.11303086578845978,0.15300944447517395,2.732123117018611,0.11381933838129044,0.15226882696151733,2.7188987161532228,0.11800777167081833,0.15433353185653687,2.7557659042725784,0.11445777490735054,0.002397939170463298,0.15337996929883957,0.0009237788267403341,2.7387391755216557
150,0.11298791319131851,0.1538032740354538,2.7462976674854302,0.11318111419677734,0.1529330611228943,2.7307592226313435,0.11403176188468933,0.15209001302719116,2.7157058303461192,0.11833507567644119,0.15435566008090973,2.7561610238912073,0.1146339662373066,0.0025087268248149995,0.15329550206661224,0.0009943732782458068,2.737230936088525
151,0.11308614909648895,0.1535167694091797,2.741181866200998,0.11333435028791428,0.15291059017181396,2.730357983314917,0.11381575465202332,0.15210609138011932,2.7159929239949414,0.11831758171319962,0.15420396625995636,2.7534523924315146,0.11463845893740654,0.0024713796384770855,0.15318435430526733,0.0008921334122891513,2.7352462914855926
152,0.11317431181669235,0.15373282134532928,2.7450396704774316,0.11349492520093918,0.15284226834774017,2.7291380348627867,0.11400111019611359,0.15201188623905182,2.7143108053222322,0.11807303875684738,0.15406696498394012,2.751006109755639,0.11468584649264812,0.0022836349555117566,0.15316348522901535,0.000925523239290356,2.7348736551045225
153,0.1134515032172203,0.15389816462993622,2.747992025553733,0.11334650218486786,0.15289966762065887,2.730162951206867,0.11390190571546555,0.1518838256597519,2.7120241669367116,0.11824765801429749,0.15401938557624817,2.750156536057132,0.1147368922829628,0.0023528768393483493,0.1531752608716488,0.0009964759417031357,2.7350839199386106
154,0.11342501640319824,0.15385277569293976,2.7471815647063633,0.11329915374517441,0.15316671133041382,2.734931260085959,0.1139783039689064,0.15221241116523743,2.7178913606810817,0.11806885898113251,0.15384329855442047,2.7470123417585866,0.11469283327460289,0.0022699342097671884,0.15326879918575287,0.0007740490220569439,2.7367541318079978
155,0.11341347545385361,0.15371274948120117,2.744681269045584,0.11328838020563126,0.1531764715909958,2.735105538436263,0.11406101286411285,0.15246479213237762,2.722397852923991,0.11812843382358551,0.15372665226459503,2.7449295159170863,0.1147228255867958,0.002295516998018454,0.1532701663672924,0.000594885298894727,2.736778544080731
156,0.11341563612222672,0.1539161503314972,2.7483131766511644,0.11323024332523346,0.15306447446346283,2.7331057276257473,0.11422716826200485,0.15250182151794434,2.7230590463598787,0.11825530230998993,0.1536879539489746,2.7442385222136654,0.11478208750486374,0.002355600856653906,0.15329260006546974,0.0006383550811741825,2.7371791182126137
157,0.11327338963747025,0.1537402719259262,2.7451727073860606,0.11311609297990799,0.15313875675201416,2.7344321056047813,0.11423962563276291,0.15248560905456543,2.7227695580467013,0.11833491176366806,0.15346142649650574,2.7401936680437,0.1147410050034523,0.0024468878888091665,0.15320651605725288,0.0005398064126312758,2.7356420097703107
158,0.11308028548955917,0.15396122634410858,2.7491180499483714,0.11294163763523102,0.15308889746665955,2.733541822612234,0.11424167454242706,0.15258926153182983,2.7246203675195524,0.11820214986801147,0.1532783806324005,2.736925217272495,0.11461643688380718,0.00246052149260337,0.15322944149374962,0.0005678870526495837,2.736051364338163
159,0.11286045610904694,0.1536335051059723,2.743266288485403,0.11287824809551239,0.15348602831363678,2.7406329559159937,0.11409539729356766,0.15268725156784058,2.7263700689418453,0.11827500909566879,0.1532047539949417,2.73561054654142,0.11452727764844894,0.002564475524812405,0.15325288474559784,0.0004169273489822125,2.7364699649711652
160,0.11288334429264069,0.1535637378692627,2.7420205308729977,0.11298807710409164,0.15346531569957733,2.7402631133100046,0.11383182555437088,0.15257087349891663,2.724292032429055,0.11840127408504486,0.15306589007377625,2.7331310046383868,0.11452613025903702,0.0026180878476472344,0.15316645428538322,0.0004516569586085305,2.7349266703126114
161,0.11274740844964981,0.1543157547712326,2.755448478208589,0.11273309588432312,0.15330347418785095,2.7373732855807584,0.11404332518577576,0.1525190770626068,2.7233671598402642,0.11849218606948853,0.15306828916072845,2.7331738425229655,0.1145040038973093,0.002728831536936955,0.1533016487956047,0.0007517290066546523,2.7373406915381446
162,0.11266116797924042,0.15452826023101807,2.759242956916514,0.11259351670742035,0.15317803621292114,2.7351334761870754,0.11433486640453339,0.15247905254364014,2.7226524855671075,0.11831630766391754,0.1531272530555725,2.7342266966178577,0.11447646468877792,0.0026836069876186126,0.15332815051078796,0.0008610313173440018,2.7378139038221385
163,0.11266639828681946,0.1549629122018814,2.767004064092131,0.11254997551441193,0.15264484286308289,2.725612822857927,0.11411038041114807,0.15235988795757294,2.72052469325049,0.11819752305746078,0.15323904156684875,2.736222782394932,0.11438106931746006,0.002641438553291576,0.1533016711473465,0.0011664795007734925,2.7373410906488704
164,0.11281228810548782,0.1547006070613861,2.7623203666869274,0.1125822439789772,0.15269523859024048,2.7265126845078957,0.11380800604820251,0.15217778086662292,2.7172730051297727,0.11811947822570801,0.15308740735054016,2.733515215230508,0.11433050408959389,0.002581389961252669,0.15316525846719742,0.0010892484868649799,2.734905317888776
165,0.11252875626087189,0.15402108430862427,2.7501868684722997,0.11249776184558868,0.152756005525589,2.7275977335346764,0.11350002884864807,0.15227936208248138,2.719086830342025,0.11810009181499481,0.15304651856422424,2.7327851086759507,0.11415665969252586,0.002669821006423166,0.15302574262022972,0.0007350688683970796,2.7324141352562377
166,0.11224772036075592,0.15385575592517853,2.7472347794698146,0.11250652372837067,0.1525065302848816,2.7231431256861325,0.11353716999292374,0.15229420363903046,2.719351839864014,0.1180664524435997,0.15289758145809174,2.7301257008724504,0.1140894666314125,0.0027091933170221355,0.15288851782679558,0.0006915575474564988,2.729963861473103
167,0.11213956773281097,0.153230220079422,2.736065266695115,0.11252205818891525,0.15288525819778442,2.729905657825578,0.11340470612049103,0.15227246284484863,2.718963638164634,0.11792409420013428,0.1526845097541809,2.7263211113594696,0.11399760656058788,0.002670729450796168,0.152768112719059,0.0003999685526090878,2.7278139185111994
168,0.11221285909414291,0.1529393047094345,2.7308707075607748,0.11251731961965561,0.1530759334564209,2.733310338391219,0.1134066954255104,0.15227943658828735,2.719088160711111,0.11817838996648788,0.15311551094055176,2.734017030449858,0.1140788160264492,0.002779587433037609,0.15285254642367363,0.00038945859304990207,2.7293215592782407
169,0.11189989745616913,0.15239664912223816,2.7211810973576673,0.11245272308588028,0.15296462178230286,2.731322766976297,0.11299862712621689,0.15206557512283325,2.7152694692858153,0.11834888160228729,0.15330128371715546,2.7373341727296214,0.1139250323176384,0.0029831490494129182,0.15268203243613243,0.0005552153163674448,2.72627687658735
170,0.11191032826900482,0.15203721821308136,2.714763130811572,0.11262758821249008,0.1527331918478012,2.7271903745204535,0.11289695650339127,0.15172462165355682,2.70918143427312,0.11864381283521652,0.15309427678585052,2.7336378752602646,0.11401967145502567,0.003110755363636394,0.15239732712507248,0.000627363536698037,2.721193203716352
171,0.11155467480421066,0.1518295407295227,2.7110548600204383,0.11256459355354309,0.1525842249393463,2.724530434569319,0.11267053335905075,0.15158163011074066,2.7066281899227067,0.11850408464670181,0.1529078185558319,2.7303084935849076,0.11382347159087658,0.003160675978164244,0.1522258035838604,0.0006233228171824136,2.7181304945243427
172,0.111549012362957,0.1515497863292694,2.706059590175225,0.11258715391159058,0.15244461596012115,2.7220375889754225,0.11266420781612396,0.15172021090984344,2.709102676423212,0.11854919791221619,0.15284137427806854,2.729122070433751,0.11383739300072193,0.0031820985069935105,0.15213899686932564,0.000608081078295718,2.716580481501903
173,0.11160701513290405,0.15123075246810913,2.7003629497477175,0.11236275732517242,0.15235719084739685,2.7204765338895665,0.11274543404579163,0.15190467238426208,2.7123964042070563,0.11840417236089706,0.15277883410453796,2.7280053586227164,0.11377984471619129,0.0031189601190364487,0.1520678624510765,0.0006624640202641338,2.715310311616764
174,0.11186385154724121,0.15114696323871613,2.6988668166732723,0.11248428374528885,0.15229712426662445,2.719403990332197,0.11267177015542984,0.1519000232219696,2.712313389176072,0.11856644600629807,0.15287907421588898,2.729795237191415,0.11389658786356449,0.0031323246609939806,0.1520557962357998,0.0007271562187469887,2.715094858343239
175,0.11189211159944534,0.1511305868625641,2.698574401548105,0.11258895695209503,0.15252438187599182,2.7234618821192083,0.11284027993679047,0.15176333487033844,2.7098726940503584,0.11876190453767776,0.1529134213924408,2.7304085373401965,0.11402081325650215,0.003186073271631593,0.15208293125033379,0.0007945007258342321,2.715579378764467
176,0.11218572407960892,0.15144802629947662,2.7042425720771655,0.11280543357133865,0.15262751281261444,2.725303379008455,0.11297474801540375,0.15141898393630981,2.7037239942073286,0.1188122034072876,0.15285110473632812,2.729295816636421,0.11419452726840973,0.003097077434195274,0.15208640694618225,0.0007595045738586858,2.7156414404823424
177,0.11232186108827591,0.15144017338752747,2.7041023511754703,0.11290428042411804,0.15249422192573547,2.722923348713077,0.11282725632190704,0.15180553495883942,2.710626215100835,0.11872176826000214,0.15284745395183563,2.7292306285511927,0.11419379152357578,0.0030296839336386647,0.1521468460559845,0.0006396355587344934,2.7167206358851437
178,0.11269461363554001,0.1518038958311081,2.710596946980936,0.11306624114513397,0.15217338502407074,2.7171945133536815,0.11226335912942886,0.15194036066532135,2.7130336509993906,0.11863104999065399,0.152878075838089,2.729777410245659,0.11416381597518921,0.0029961721130983355,0.1521989293396473,0.0004777732065235405,2.7176506303949166
179,0.11265507340431213,0.1524406522512436,2.721966813340032,0.11324413865804672,0.15170776844024658,2.708880504785801,0.11191167682409286,0.15239828824996948,2.7212103654775657,0.11855313926935196,0.15288718044757843,2.729939981348004,0.11409100703895092,0.003024301334448408,0.15235847234725952,0.0004869245912432346,2.7204994162378506
180,0.11250105500221252,0.1527683585882187,2.7278183087291836,0.11299014091491699,0.1516522765159607,2.7078896458903294,0.11205442994832993,0.15267403423786163,2.726134061465937,0.11855613440275192,0.15282921493053436,2.728904954198868,0.11402544006705284,0.003044539714087352,0.15248097106814384,0.0005561394977002768,2.7226867425710792
181,0.1124076396226883,0.1525939553976059,2.7247041807719885,0.1128290668129921,0.15150338411331177,2.705231036308281,0.11218015849590302,0.15171998739242554,2.709098685315953,0.11841658502817154,0.1526510864496231,2.7257243077873583,0.11395836248993874,0.0029842814758774196,0.15211710333824158,0.000590727859291825,2.7161895525458952
182,0.1124756783246994,0.15303988754749298,2.7326667058272704,0.11287354677915573,0.15174788236618042,2.7095967755018613,0.11222310364246368,0.15205353498458862,2.71505448164147,0.11836462467908859,0.15264374017715454,2.72559313339545,0.11398423835635185,0.002932505695682716,0.15237126126885414,0.0005804759839898251,2.720727774091513
183,0.11242177337408066,0.15240703523159027,2.7213665508082965,0.1129738986492157,0.1519448608160019,2.713114005292203,0.11224066466093063,0.151144877076149,2.698829566338856,0.11841020733118057,0.15249811112880707,2.7229927939793814,0.11401163600385189,0.002948916819093453,0.15199872106313705,0.0006186171077995074,2.7140757291046844
184,0.11218491941690445,0.15211595594882965,2.7161690648619663,0.11332631856203079,0.15240679681301117,2.7213622936272204,0.11225458234548569,0.1512121707201004,2.700031155697596,0.11832175403833389,0.15254093706607819,2.7237574901301826,0.1140218935906887,0.002913788349799811,0.15206896513700485,0.0005981060531324498,2.7153300010792414
185,0.11229484528303146,0.1517842411994934,2.710245995615972,0.11318975687026978,0.15275311470031738,2.7275461152141283,0.11241880804300308,0.15036515891551971,2.6849069877769813,0.11819998174905777,0.15239721536636353,2.721191208162723,0.11402584798634052,0.0028107762131822675,0.1518249325454235,0.0010522396076944013,2.7109725766924515
186,0.11236917972564697,0.15166489779949188,2.7081150104135476,0.11304090172052383,0.15292048454284668,2.7305346563295774,0.11268982291221619,0.15029484033584595,2.6836513854333375,0.11852536350488663,0.15219946205615997,2.7176601425338838,0.1141563169658184,0.0029255873002662666,0.15176992118358612,0.001109834045170857,2.7099902986775866
187,0.11223695427179337,0.15163320302963257,2.7075490714042383,0.11301932483911514,0.15270064771175385,2.7266092693035606,0.11262451112270355,0.15016941726207733,2.6814118421134716,0.1184987872838974,0.15221592783927917,2.7179541541019545,0.11409489437937737,0.002953251931645167,0.15167979896068573,0.00109741976218478,2.7083810842308065
188,0.11238454282283783,0.1517641693353653,2.7098875941841247,0.112738698720932,0.15252912044525146,2.7235464935930964,0.1126980409026146,0.15022942423820496,2.682483321375572,0.11868603527545929,0.15211308002471924,2.7161177126152354,0.11412682943046093,0.0030435869235827975,0.15165894851088524,0.0010030031065591928,2.708008780442007
189,0.11219087243080139,0.15179359912872314,2.7104130899732106,0.11273909360170364,0.15230990946292877,2.719632281667405,0.11276018619537354,0.15045899152755737,2.6865824546042587,0.11868390440940857,0.15195924043655396,2.7133707665258573,0.11409351415932178,0.0030715873584377562,0.1516304351389408,0.000810082486110751,2.7074996481926825
190,0.11196371912956238,0.1520928293466568,2.7157561182975813,0.11266212910413742,0.15155453979969025,2.7061444677229303,0.11286149173974991,0.15063150227069855,2.6896627911866617,0.118741475045681,0.15176627039909363,2.709925110592358,0.11405720375478268,0.0031464814161501478,0.1515112854540348,0.0006269237086365858,2.7053721219498827
191,0.1119292601943016,0.15151861310005188,2.70550296374952,0.11248577386140823,0.15125007927417755,2.700708047488702,0.1130247414112091,0.15055866539478302,2.6883622223679016,0.11874136328697205,0.15165649354457855,2.7079649447806142,0.11404528468847275,0.0031625040955817925,0.15124596282839775,0.0004882855540699675,2.700634544596684
192,0.1119351014494896,0.15145179629325867,2.7043098887529324,0.11249532550573349,0.1508747637271881,2.6940064462534092,0.1132519319653511,0.1502704918384552,2.683216620815937,0.11879053711891174,0.15169797837734222,2.708705694287862,0.11411822400987148,0.0031612653249234695,0.15107375755906105,0.0006370241433292949,2.697559662527535
193,0.11196866631507874,0.15124483406543732,2.700614389505027,0.11276983469724655,0.15065054595470428,2.6900028335251185,0.11332197487354279,0.15002645552158356,2.6788591299106925,0.11885949969291687,0.15160256624221802,2.707002023635955,0.11422999389469624,0.0031359469480403412,0.1508811004459858,0.0006919509523342635,2.6941195941441984
194,0.11216114461421967,0.15093429386615753,2.6950694111533573,0.1128019168972969,0.1505395770072937,2.688021381807993,0.11331088095903397,0.14976677298545837,2.6742222614973263,0.11872170865535736,0.15172642469406128,2.7092136292050086,0.11424891278147697,0.003018740335435967,0.15074176713824272,0.0008161109994375784,2.6916316709159216
195,0.11210164427757263,0.15082891285419464,2.693187737117704,0.11272571980953217,0.15024639666080475,2.6827863794534297,0.11348021775484085,0.1496080607175827,2.6713883092697044,0.11837006360292435,0.1518065333366394,2.710644042046591,0.1141694113612175,0.002856593139355575,0.15062247589230537,0.0009336455404828671,2.689501616971857
196,0.11214261502027512,0.15081872045993805,2.693005742626699,0.11251130700111389,0.14997261762619019,2.677897805208937,0.11361011862754822,0.14966484904289246,2.6724023165872772,0.11859990656375885,0.15153059363365173,2.7057168870985957,0.11421598680317402,0.0029883458351377514,0.1504966951906681,0.0008444468745103005,2.6872556878803775
197,0.1121978685259819,0.15073953568935394,2.691591826361787,0.11262624710798264,0.14970383048057556,2.673098365693226,0.11363453418016434,0.14979614317417145,2.674746692991143,0.11869268119335175,0.15155358612537384,2.706127438998626,0.11428783275187016,0.002997682779174688,0.1504482738673687,0.0008729297478019165,2.6863910810111955
198,0.11229859292507172,0.15072597563266754,2.6913496991880814,0.11259777843952179,0.14964412152767181,2.6720322079074705,0.1136544868350029,0.14976824820041656,2.6742486028052346,0.11883538961410522,0.15160784125328064,2.7070962137672643,0.11434656195342541,0.0030485495270385454,0.15043654665350914,0.000918379111241609,2.686181680917013
199,0.11219842731952667,0.15079186856746674,2.6925262776079992,0.11268551647663116,0.14952172338962555,2.669846677572508,0.11351348459720612,0.14999063313007355,2.6782194884540025,0.11908137053251266,0.15174368023872375,2.709521742685394,0.11436969973146915,0.0031876764377984515,0.1505119763314724,0.0009743089519225597,2.6875285465799763
200,0.11243759840726852,0.1506291776895523,2.6896212836711695,0.11249872297048569,0.14961230754852295,2.671464140307623,0.11365891993045807,0.15023472905158997,2.6825780436545164,0.11952561885118484,0.1516881287097931,2.708529819494654,0.11453021503984928,0.0033773371564392624,0.15054108574986458,0.0008717704429539968,2.6880483217819906
201,0.11261052638292313,0.1505759209394455,2.688670335848287,0.11255501955747604,0.1495799720287323,2.670886760124172,0.11368092894554138,0.14998194575309753,2.678064367418541,0.11966141313314438,0.15206077694892883,2.715183793516658,0.11462697200477123,0.0033960582461973455,0.15054965391755104,0.00108731447427287,2.6882013142269146
202,0.11256922036409378,0.15057723224163055,2.6886937503442057,0.112580306828022,0.14979441463947296,2.674715828428341,0.11372966319322586,0.14982014894485474,2.675175337910747,0.11987616121768951,0.1522962749004364,2.719388824124613,0.11468883790075779,0.0035008104347602352,0.15062201768159866,0.0011737494390153338,2.689493435201977
203,0.11247284710407257,0.15065519511699677,2.690085848556103,0.11273445188999176,0.1497381329536438,2.673710867620555,0.11372778564691544,0.149709552526474,2.6732005380390533,0.11990270763635635,0.15292316675186157,2.730582549616684,0.11470944806933403,0.0035041213748138868,0.15075651183724403,0.0015097326414312484,2.6918949509580985
204,0.11246825754642487,0.1516910344362259,2.7085817038890196,0.11297811567783356,0.14905691146850586,2.6615470369907595,0.11398588120937347,0.1497841626405716,2.674532769642067,0.11993414163589478,0.15263782441616058,2.7254875020899982,0.11484159901738167,0.0034530934528743673,0.15079248324036598,0.0016574677587524564,2.6925372531529614
205,0.1125209778547287,0.1519867181777954,2.7138614066448823,0.11296087503433228,0.1490073949098587,2.660662873696009,0.11424174904823303,0.14976738393306732,2.674233170523834,0.11993531882762909,0.15271998941898346,2.7269546331183623,0.11491473019123077,0.0034257268862442633,0.15087037160992622,0.0017658406590509107,2.693928020995772
206,0.11237701028585434,0.1524801403284073,2.722671908955767,0.11333533376455307,0.14880217611789703,2.656998505084723,0.11416999250650406,0.14941442012786865,2.667930680014429,0.12015850096940994,0.15215545892715454,2.7168744265515192,0.11501020938158035,0.003509502171758112,0.15071304887533188,0.0018744803973346652,2.6911188801516097
207,0.11250021308660507,0.1532830446958542,2.737008498377297,0.11332611739635468,0.14883475005626678,2.657580142449251,0.11427388340234756,0.14949922263622284,2.6694449061084478,0.1202363669872284,0.1518392413854599,2.711228074075474,0.11508414521813393,0.00351042639625395,0.15086406469345093,0.0020642468820801486,2.693815405252617
208,0.11241025477647781,0.15249817073345184,2.7229938582746502,0.11373598128557205,0.148794487118721,2.656861210995018,0.11453346163034439,0.1496402472257614,2.671963028714983,0.12009713798761368,0.1515880972146988,2.706743665959397,0.11519420892000198,0.0033838897209120177,0.15063025057315826,0.0017084817824066327,2.689640440986012
209,0.11247571557760239,0.15306761860847473,2.7331618692011888,0.11397984623908997,0.14865021407604218,2.65428508429632,0.11464659124612808,0.14965710043907166,2.6722639582023024,0.11992772668600082,0.15113277733325958,2.698613514399242,0.11525746993720531,0.0032431954667189,0.15062692761421204,0.001920140414080898,2.6895811065247632
210,0.11240024119615555,0.15295083820819855,2.731076648695333,0.11408105492591858,0.14860647916793823,2.653504157642666,0.11459248512983322,0.1496710330247879,2.6725127372214397,0.11979744583368301,0.15108095109462738,2.6976881096628165,0.11521780677139759,0.003193483031905667,0.15057732537388802,0.0018790780213330787,2.688695413305564
211,0.11259523779153824,0.15268146991729736,2.7262668323007486,0.11409344524145126,0.1483234018087387,2.6484495533362034,0.11462414264678955,0.1500534862279892,2.6793417878151997,0.11964204162359238,0.15149511396884918,2.705083365339703,0.11523871682584286,0.0030586815843245165,0.1506383679807186,0.0018805526008345518,2.689785384697964
212,0.11281932890415192,0.15197114646434784,2.7135833595058467,0.11396998167037964,0.14807887375354767,2.6440832819949898,0.11466117203235626,0.150453582406044,2.686485869808594,0.11980041116476059,0.1518160104751587,2.7108132649943677,0.1153127234429121,0.003086736794904381,0.15057990327477455,0.0018013535883977898,2.6887414440759496
213,0.1131603792309761,0.15254218876361847,2.723779840330832,0.11389362066984177,0.1477818787097931,2.638780164743208,0.11478645354509354,0.15125563740730286,2.7008072930225393,0.11954488605260849,0.15145553648471832,2.7043766732810637,0.11534633487462997,0.0028769242681542097,0.15075881034135818,0.002063558818182242,2.691935992844411
214,0.11349201202392578,0.1516033113002777,2.707015327326818,0.11393263936042786,0.14783893525600433,2.639798961389491,0.11484447866678238,0.15131323039531708,2.701835668326244,0.11922889947891235,0.15104414522647858,2.697030907334188,0.11537450738251209,0.0026305918878013618,0.15044990554451942,0.0017555589121933622,2.6864202160941852
215,0.11361729353666306,0.15115445852279663,2.6990006518033534,0.11400245130062103,0.14754095673561096,2.6344782832657705,0.11496708542108536,0.15160031616687775,2.706961846489549,0.11929628998041153,0.15091393887996674,2.694705954318982,0.11547078005969524,0.0026127658447355124,0.15030241757631302,0.001862806020087961,2.6837866839694136
216,0.11357319355010986,0.1512102484703064,2.6999968321751697,0.11390506476163864,0.1475449949502945,2.6345503892702475,0.11501457542181015,0.15209048986434937,2.7157143447082714,0.11965370178222656,0.15179134905338287,2.7103729128268044,0.1155366338789463,0.002813059358441229,0.15065927058458328,0.002108101803611843,2.690158619745123
217,0.11348509788513184,0.1499863862991333,2.6781436574160837,0.11399928480386734,0.14752629399299622,2.6342164666295877,0.11503281444311142,0.1510520726442337,2.6971724586049692,0.11985857039690018,0.15159550309181213,2.7068759046465742,0.1155939418822527,0.002915022845693142,0.15004006400704384,0.001804205569220909,2.679102121824304
218,0.11359898000955582,0.14879706501960754,2.6569072417654036,0.11409003287553787,0.1477045863866806,2.6374000398530875,0.11533674597740173,0.15106594562530518,2.697420173328837,0.11972018331289291,0.150865375995636,2.6938388197485357,0.11568648554384708,0.002786836673493859,0.14960824325680733,0.0016316860941825693,2.671391568673966
219,0.11339032649993896,0.1485452502965927,2.65241086032755,0.11420245468616486,0.14770877361297607,2.637474806595737,0.11559437215328217,0.15130268037319183,2.7016472880636253,0.11971890181303024,0.1508135348558426,2.692913148938293,0.11572651378810406,0.0028128959421928677,0.1495925597846508,0.0017378914481053509,2.6711115259813014
220,0.11350344866514206,0.1486862748861313,2.6549289829340856,0.11424697190523148,0.14736802875995636,2.6313904966164836,0.11551393568515778,0.15104106068611145,2.696975830054015,0.11968490481376648,0.1502426713705063,2.682719860999115,0.11573731526732445,0.0027595075042591588,0.14933450892567635,0.0016354744010468499,2.666503792650925
221,0.11346280574798584,0.14860400557518005,2.6534599893890007,0.1144104152917862,0.14748245477676392,2.633433677459213,0.11577291041612625,0.1508064568042755,2.692786763875095,0.1195213720202446,0.14975567162036896,2.6740240365034684,0.11579187586903572,0.0026609836643334108,0.1491621471941471,0.0014363047520541915,2.663426116806694
222,0.11340437829494476,0.14860348403453827,2.653450676805397,0.1146487444639206,0.14748515188694,2.633481836820137,0.11572666466236115,0.150198295712471,2.681927493171319,0.1196989119052887,0.1498151421546936,2.6750859371081477,0.1158696748316288,0.0027234699956357007,0.14902551844716072,0.0012314969615350847,2.6609864859762498
223,0.11321817338466644,0.1483604460954666,2.6491110128459083,0.11462951451539993,0.14763419330120087,2.6361431071403576,0.11567292362451553,0.14997375011444092,2.677918026819049,0.11948146671056747,0.14988906681537628,2.676405929315568,0.11575051955878735,0.0026829969083891096,0.14896436408162117,0.0011558556063440192,2.6598945190302206
224,0.113467276096344,0.14810259640216827,2.6445068715120654,0.11439908295869827,0.1475147008895874,2.634009461199761,0.11563511192798615,0.1494462490081787,2.668499013688093,0.11955489963293076,0.15020889043807983,2.6821166716553897,0.11576409265398979,0.0026786483747706096,0.14881810918450356,0.0012301305971762063,2.657283004513827
225,0.1133759617805481,0.14797094464302063,2.642156109336585,0.11458660662174225,0.14816482365131378,2.6456179957729375,0.11563441902399063,0.14931564033031464,2.666166876679821,0.11968538910150528,0.1503228098154068,2.684150805988332,0.11582059413194656,0.0027368018949370456,0.14894355461001396,0.0010944077178680989,2.659522946944419
226,0.11372201144695282,0.14770130813121796,2.6373415036132903,0.11468635499477386,0.14954330027103424,2.6702319524598983,0.11571836471557617,0.14928188920021057,2.6655642194837306,0.11968465149402618,0.15055623650550842,2.6883188523356885,0.11595284566283226,0.0026180129861771454,0.1492706835269928,0.0011818109055848507,2.665364131973152
227,0.11377041786909103,0.14755062758922577,2.634650965173171,0.11491278558969498,0.15240377187728882,2.7213082806423166,0.11550774425268173,0.1490679681301117,2.6617444637631658,0.12000581622123718,0.15112480521202087,2.6984711649070086,0.11604919098317623,0.0027344878838175468,0.1500367932021618,0.0021529824010181877,2.6790437186214153
228,0.11345360428094864,0.14734724164009094,2.631019323641408,0.11472224444150925,0.15217430889606476,2.7172110099303515,0.1156303733587265,0.14882509410381317,2.6574077266156673,0.12003470957279205,0.1514304131269455,2.703928072825166,0.11596023291349411,0.002859252229243362,0.1499442644417286,0.0022493558974650946,2.677391533253148
229,0.11353423446416855,0.14720898866653442,2.6285506907648823,0.11487719416618347,0.15199755132198334,2.7140548423100297,0.11552092432975769,0.1490519940853119,2.6614592326310644,0.12016129493713379,0.1509319543838501,2.6950276375640474,0.11602341197431087,0.0028800688179055423,0.14979762211441994,0.0021121381347712007,2.674773100817506
230,0.11340099573135376,0.14742009341716766,2.6323201585339855,0.11479382961988449,0.1504453718662262,2.686339263135284,0.11562376469373703,0.14903874695301056,2.6612226930075216,0.12029527872800827,0.15041041374206543,2.6857150539599957,0.11602846719324589,0.002988723306413811,0.14932865649461746,0.0014310733182373765,2.6663992921591966
231,0.11349794268608093,0.14714109897613525,2.627338458453452,0.11471936851739883,0.15017874538898468,2.6815784043230755,0.11568024754524231,0.14947932958602905,2.6690896975624074,0.12023354321718216,0.1501801609992981,2.681603681335715,0.11603277549147606,0.0029394523678780604,0.14924483373761177,0.0014408002763040305,2.6649025604186622
232,0.11361876130104065,0.1471279412508011,2.627103515272813,0.1146349087357521,0.1501758098602295,2.6815259877810758,0.11568225920200348,0.1492065042257309,2.6642181520422192,0.12035281211137772,0.15034717321395874,2.68458583667955,0.11607218533754349,0.00297550340284298,0.14921435713768005,0.0014788347351456818,2.664358372943914
233,0.11371459811925888,0.14705438911914825,2.6257901749108243,0.11453288793563843,0.14982105791568756,2.6751915684135996,0.11568637937307358,0.14918723702430725,2.6638741185965036,0.12033426016569138,0.15021912753582,2.6822994643678464,0.11606703139841557,0.002957570839609701,0.14907045289874077,0.0014096114132038891,2.6617888315721934
234,0.11373990774154663,0.14728569984436035,2.62992043877613,0.11445551365613937,0.14857658743858337,2.652970413565245,0.11579914391040802,0.14883661270141602,2.657613401676408,0.12038026005029678,0.15057821571826935,2.688711311216145,0.1160937063395977,0.0029824683763465553,0.14881927892565727,0.0013546122516149728,2.657303891308482
235,0.11374054104089737,0.14731304347515106,2.6304086842307997,0.11447080969810486,0.14991258084774017,2.676825793799202,0.11574404686689377,0.14868927001953125,2.654982463771355,0.12036855518817902,0.15088652074337006,2.694216378495226,0.11608098819851875,0.002975854378863026,0.14920035377144814,0.0015463476561871235,2.6641083300741455
236,0.11388614028692245,0.1470932513475418,2.6264840954262345,0.11435140669345856,0.1515054851770401,2.705268552716515,0.11565595865249634,0.14830464124679565,2.6481145664002748,0.12049765139818192,0.1518489271402359,2.711401022056692,0.11609778925776482,0.0030273885539393313,0.14968807622790337,0.0023536680918958886,2.672817059149929
237,0.11399586498737335,0.14688102900981903,2.6226946721208377,0.11442385613918304,0.15064209699630737,2.6898519696707326,0.11542975902557373,0.14839224517345428,2.6496788143719385,0.1203278973698616,0.15107788145542145,2.697633298456461,0.11604434438049793,0.002918263829486613,0.14924831315875053,0.001968657763998059,2.6649646886549925
238,0.11434794217348099,0.14694829285144806,2.623895729331943,0.11436305195093155,0.14898207783699036,2.660210814280487,0.11549970507621765,0.1484283208847046,2.6503229790835214,0.12006458640098572,0.14983482658863068,2.6754374206207467,0.11606882140040398,0.002717910107584986,0.14854837954044342,0.0012134979348060123,2.652466735829174
239,0.11447644233703613,0.1469290405511856,2.6235519619600445,0.11434979736804962,0.1479749083518982,2.642226884971976,0.11543991416692734,0.1489449143409729,2.6595472261802438,0.12022383511066437,0.1499500721693039,2.6774952355234247,0.11612249724566936,0.0027772200465318625,0.14844973385334015,0.001295400344001604,2.6507053271589225
240,0.11443819850683212,0.14703021943569183,2.625358603179231,0.11449374258518219,0.14710214734077454,2.626642941495138,0.11566267907619476,0.14918893575668335,2.663904451011671,0.12019368261098862,0.1495920568704605,2.6711025459899687,0.11619707569479942,0.002723566242580823,0.14822833985090256,0.0013523153851632906,2.6467521354190024
241,0.11474640667438507,0.14712710678577423,2.6270886151390465,0.11453868448734283,0.14688818156719208,2.6228223875531214,0.11553866416215897,0.14837351441383362,2.6493443595836443,0.12028857320547104,0.1498478651046753,2.675670235210848,0.11627808213233948,0.0027081550582277424,0.1480591669678688,0.0013587001549328693,2.643731399371665
242,0.11485409736633301,0.1473459005355835,2.6309953769978547,0.1145114153623581,0.14672333002090454,2.6198788129127895,0.11555808782577515,0.14885081350803375,2.657866970024256,0.12074927240610123,0.1502479910850525,2.6828148493518764,0.11641821824014187,0.0029200585519701294,0.14829200878739357,0.0015805066024476115,2.647889002321694
243,0.11472081393003464,0.14756479859352112,2.634904001373384,0.11450213938951492,0.14647166430950165,2.615385092213108,0.11546047776937485,0.1489761471748352,2.660104916901218,0.12104296684265137,0.1503416746854782,2.6844876554409813,0.11643159948289394,0.0031014722186363214,0.14833857119083405,0.001683547057212773,2.648720416482173
244,0.11474434286355972,0.14737984538078308,2.6316014931535703,0.1145864725112915,0.14641490578651428,2.61437161704317,0.11563684046268463,0.149087592959404,2.662094882980495,0.12121891975402832,0.15062162280082703,2.689486384245819,0.11654664389789104,0.003148992688133356,0.1483759917318821,0.001860770525234862,2.649388594355764
245,0.11475285142660141,0.14734002947807312,2.630890543913855,0.11461597681045532,0.1461901068687439,2.6103576274360067,0.11563340574502945,0.14972494542598724,2.6734753922922816,0.12135933339595795,0.15037815272808075,2.6851390041456304,0.11659039184451103,0.0032111003010325792,0.14840830862522125,0.0019727694259063333,2.6499656419469435
246,0.11479312181472778,0.14737802743911743,2.6315690321478646,0.11452978849411011,0.14600855112075806,2.6071157840465276,0.1156327947974205,0.14984150230884552,2.6755566216908786,0.12132790684700012,0.15038955211639404,2.6853425506158333,0.11657090298831463,0.0032060248995177255,0.14840440824627876,0.002065560816254542,2.649895997125276
247,0.11506728082895279,0.14713498950004578,2.6272293681883765,0.11462531238794327,0.14584486186504364,2.6041929631639413,0.11550281196832657,0.14989258348941803,2.6764687227364408,0.12141421437263489,0.15040716528892517,2.685657049867833,0.11665240488946438,0.0031946891207793923,0.14831990003585815,0.002187832748530683,2.648387025989148
248,0.11523368954658508,0.14700305461883545,2.624873550610368,0.1148470938205719,0.14588502049446106,2.6049100321014533,0.11551138013601303,0.1488998532295227,2.658742618956854,0.1215377002954483,0.15017837285995483,2.681571752477644,0.11678246594965458,0.0031818383812816965,0.1479915753006935,0.0019167506055224207,2.64252448853658
249,0.1152867004275322,0.14706997573375702,2.6260684881236767,0.11475521326065063,0.14580054581165314,2.6034016596314142,0.11560004949569702,0.14880147576332092,2.6569859996153125,0.12164173275232315,0.15021468698978424,2.682220174370303,0.11682092398405075,0.0032327353954358685,0.14797167107462883,0.0019361934831258513,2.6421690804351767
250,0.11528323590755463,0.1467207968235016,2.6198335803638555,0.1148330569267273,0.14580461382865906,2.6034742977835257,0.11581529676914215,0.14847755432128906,2.651202086975744,0.12154334783554077,0.1500522345304489,2.67931943761455,0.11686873435974121,0.0031421611383771193,0.14776379987597466,0.0018861463279633644,2.6384573506844187
251,0.115114226937294,0.14652539789676666,2.616344554398143,0.11467527598142624,0.14574670791625977,2.6024403349296588,0.11568789929151535,0.1484803706407547,2.651252374927206,0.12158101797103882,0.1501917839050293,2.6818112189131766,0.1167646050453186,0.0032376005821178736,0.1477360650897026,0.002000650116741753,2.637962120792046
252,0.11517350375652313,0.1464533805847168,2.6150586196393317,0.11481449007987976,0.14596985280513763,2.606424790343107,0.11568999290466309,0.1481388658285141,2.645154495183273,0.12136900424957275,0.15006622672080994,2.679569280928956,0.11676174774765968,0.0030924533043101333,0.14765708148479462,0.0018557777701342837,2.636551796523667
253,0.1151810884475708,0.1463167667388916,2.6126192548827047,0.11474929004907608,0.14603076875209808,2.6075125001080597,0.11587147414684296,0.14832699298858643,2.648513677126163,0.12128125131130219,0.15008258819580078,2.6798614299803054,0.116770775988698,0.0030422931768152215,0.14768927916884422,0.0018946463335085205,2.6371267155243086
254,0.11528011411428452,0.14635567367076874,2.613313973619567,0.11481950432062149,0.14616639912128448,2.6099343039927483,0.11589013785123825,0.14821787178516388,2.646565218562378,0.12124127894639969,0.15000754594802856,2.6785214822365915,0.11680775880813599,0.002988030748096021,0.14768687263131142,0.0018029064600951549,2.6370837446028212
255,0.11560952663421631,0.14631113409996033,2.6125186789797814,0.11468964070081711,0.1469753533601761,2.6243789193840845,0.1158478856086731,0.14864078164100647,2.654116659569995,0.12110330909490585,0.14977909624576569,2.674442304544199,0.11681259050965309,0.002903744714618579,0.14792659133672714,0.0015765360764022837,2.641364140619515
256,0.11574650555849075,0.146412655711174,2.6143314398967643,0.11475374549627304,0.14700959622859955,2.6249903570161446,0.11593925207853317,0.1483306884765625,2.648579663432843,0.12125018239021301,0.1500164419412613,2.6786803283054947,0.1169224213808775,0.00293155648901179,0.14794234558939934,0.0015981925591570325,2.6416454471628117
257,0.11592736095190048,0.14631950855255127,2.6126682124650804,0.11478173732757568,0.14671316742897034,2.6196973505694188,0.11553939431905746,0.14826776087284088,2.64745603370256,0.12163050472736359,0.15009178221225739,2.680025597525554,0.1169697493314743,0.003143380684599095,0.14784805476665497,0.0017160894366365785,2.639961798565653
258,0.11572814732789993,0.14625851809978485,2.611579172331041,0.11484942585229874,0.1468627154827118,2.6223676673994265,0.11546643823385239,0.14773471653461456,2.6379380411115845,0.12166893482208252,0.14996382594108582,2.677740821656754,0.1169282365590334,0.0031818622682267973,0.14770494401454926,0.0016232612017918016,2.6374064256247016
259,0.11585664749145508,0.14606110751628876,2.608054226399999,0.1148713231086731,0.14635896682739258,2.6133727759331813,0.11533365398645401,0.14836160838603973,2.649131766603655,0.12159844487905502,0.14965926110744476,2.6723025389058055,0.1169150173664093,0.003148123060755677,0.14761023595929146,0.0017057293605967328,2.63571532696066
260,0.11620877683162689,0.1459815353155136,2.6066333922158376,0.1149386316537857,0.14610201120376587,2.6087845990283736,0.11533776670694351,0.1475239396095276,2.634174426966461,0.12155353277921677,0.14971724152565002,2.6733378321287584,0.11700967699289322,0.0030753091593163874,0.14733118191361427,0.0017380873180248002,2.6307325625848574
261,0.1163206547498703,0.1458931416273117,2.6050550423318595,0.11510170996189117,0.14566633105278015,2.6010051327593655,0.11546751856803894,0.14741314947605133,2.632196168135143,0.1214180514216423,0.14965465664863586,2.6722203220962726,0.11707698367536068,0.0029387631636540474,0.14715681970119476,0.0018369660725360449,2.62761916633066
262,0.11648956686258316,0.14579260349273682,2.6032598422868154,0.11511173099279404,0.14578112959861755,2.603054965447526,0.11552032828330994,0.14793571829795837,2.6415271108325857,0.12150248140096664,0.14980585873126984,2.6749201731199954,0.11715602688491344,0.0029546850611251105,0.14732882753014565,0.0019372964973357496,2.630690522921731
263,0.11637889593839645,0.14570756256580353,2.6017413590117204,0.11523985862731934,0.1459299921989441,2.60571304288194,0.11580900102853775,0.14860354363918304,2.653451741100666,0.12134835869073868,0.15002524852752686,2.6788375779314944,0.11719402857124805,0.002808319866317883,0.14756658673286438,0.0021019601937452685,2.634935930231455
264,0.11630944907665253,0.14572536945343018,2.6020593172233446,0.1151568591594696,0.14571073651313782,2.6017980327347963,0.11578208953142166,0.1477295160293579,2.637845181349361,0.12138386815786362,0.149972602725029,2.67789753913512,0.11715806648135185,0.002856320162998922,0.14728455618023872,0.0020274413339557346,2.6299000176106553
265,0.11635047197341919,0.14566488564014435,2.6009793235990917,0.11510203778743744,0.14574980735778809,2.6024956782836486,0.11574061959981918,0.14739593863487244,2.631888852876209,0.12138917297124863,0.14963220059871674,2.6718193488536635,0.11714557558298111,0.002874616297878569,0.1471107080578804,0.0018602629110499734,2.626795800903153
266,0.11617191880941391,0.1455688178539276,2.5992639456992253,0.11518565565347672,0.14616981148719788,2.6099952348969,0.1159956157207489,0.14757117629051208,2.6350178809671707,0.12112671136856079,0.14946578443050385,2.668847836462519,0.11711997538805008,0.0027054588021768163,0.14719389751553535,0.00173141998837757,2.6282812245064537
267,0.11610162258148193,0.1455971896648407,2.599770550247286,0.11520768702030182,0.14608806371688843,2.6085355539354196,0.11606144905090332,0.14682798087596893,2.6217474493313966,0.1212884932756424,0.14939792454242706,2.6676361362987233,0.11716481298208237,0.002779860127555974,0.14697778970003128,0.0016908739477355839,2.6244224224532062
268,0.11595971137285233,0.14575988054275513,2.602675544184115,0.11510179936885834,0.14703398942947388,2.6254259198549974,0.1161544993519783,0.14667204022407532,2.618962986833785,0.1210552230477333,0.14897993206977844,2.6601724996508014,0.11706780828535557,0.002697324570894925,0.1471114605665207,0.001356103036099954,2.626809237630925
269,0.11606086045503616,0.14561240375041962,2.600042211614707,0.11513114720582962,0.1469295173883438,2.623560476322197,0.11591122299432755,0.14682966470718384,2.621777515672747,0.12105754762887955,0.14892777800559998,2.6592412412903963,0.11704019457101822,0.0027090748461263223,0.1470748409628868,0.001372750113500379,2.6261553612250115
270,0.11598730087280273,0.14553092420101166,2.5985873199819367,0.11534741520881653,0.14744949340820312,2.6328451221754365,0.11583840847015381,0.14756113290786743,2.6348385472143385,0.12129496783018112,0.14909353852272034,2.6622010464335815,0.11711702309548855,0.0027986819480645578,0.14740877225995064,0.00145940886110056,2.6321180089513234
271,0.11579485982656479,0.14565688371658325,2.600836441959224,0.11504019051790237,0.14626827836036682,2.6117534506813453,0.11580340564250946,0.14840885996818542,2.649975486678182,0.12120886147022247,0.1490977704524994,2.6622766113976826,0.11696182936429977,0.0028538711128295925,0.14735794812440872,0.001654528910893846,2.6312104976791084
272,0.1160077303647995,0.14596262574195862,2.6062957445417365,0.11522283405065536,0.145662322640419,2.6009335589025233,0.11582352221012115,0.1484745293855667,2.6511480739908406,0.1212071031332016,0.1490914523601532,2.662163796099165,0.1170652974396944,0.002781467213624331,0.14729773253202438,0.0017377530809227961,2.6301352933835664
273,0.11604475975036621,0.14589525759220123,2.60509282481391,0.11530981212854385,0.14616402983665466,2.609891998255804,0.1160217896103859,0.14857475459575653,2.652937686485722,0.12133261561393738,0.1490005999803543,2.6605415440353393,0.11717724427580833,0.0027911771988770578,0.14740866050124168,0.001605567459263983,2.632116013397694
274,0.1160946637392044,0.14591585099697113,2.6054605388293615,0.11536560207605362,0.14619143307209015,2.6103813080057425,0.116148941218853,0.14881649613380432,2.657254202023109,0.12154532968997955,0.14930230379104614,2.6659287406133747,0.11728863418102264,0.0028601849938229623,0.14755652099847794,0.001750291213968125,2.634756197367897
275,0.11635550111532211,0.14589394629001617,2.605069410317991,0.11537438631057739,0.14631634950637817,2.612611804815822,0.11631150543689728,0.1492549628019333,2.6650834240959442,0.12165263295173645,0.1491067111492157,2.662436255688038,0.11742350645363331,0.0028554968021647195,0.14764299243688583,0.001785129763309601,2.6363002237294486
276,0.11628635227680206,0.14600659906864166,2.6070809283764667,0.11542335152626038,0.14587314426898956,2.604697971269098,0.11633829027414322,0.14880652725696564,2.6570761986393627,0.1218273937702179,0.14879949390888214,2.656950611797617,0.11746884696185589,0.0029358379815671654,0.14737144112586975,0.0016539341247712822,2.631451427520636
277,0.1165139228105545,0.14574004709720612,2.602321399933344,0.11538603901863098,0.14576035737991333,2.602684058546268,0.11646655946969986,0.14949972927570343,2.6694539526182344,0.1219886988401413,0.1488008201122284,2.656974292367353,0.11758880503475666,0.002979152593420693,0.14745023846626282,0.001983678062354405,2.6328584258662997
278,0.11654782295227051,0.14568424224853516,2.6013249534877105,0.11537493765354156,0.1462499499320984,2.6114261798861174,0.11655491590499878,0.1492902636528015,2.66571375296903,0.12191282212734222,0.14851705729961395,2.651907448665297,0.11759762465953827,0.0029297663094601852,0.14743537828326225,0.0017399566102261667,2.6325930837520386
279,0.11657621711492538,0.14555789530277252,2.5990689135911746,0.11547768115997314,0.146181121468544,2.6101971849241994,0.11651800572872162,0.1488276571035385,2.6574534913122356,0.12196747213602066,0.14882734417915344,2.657447903762073,0.1176348440349102,0.0029321798881506485,0.14734850451350212,0.0017266464278595504,2.631041873397421
280,0.1164509728550911,0.14535677433013916,2.595477715279635,0.11548811942338943,0.1469506025314331,2.623936970773618,0.1166665256023407,0.14887012541294098,2.6582118016914227,0.12183715403079987,0.1493150144815445,2.6661557015794966,0.11761069297790527,0.0028638374210317582,0.14762312918901443,0.0018263015337991759,2.635945547331043
281,0.11642171442508698,0.14533114433288574,2.59502006831395,0.11543561518192291,0.14746326208114624,2.6330909743825837,0.11661943048238754,0.1481955200433731,2.6461661078364904,0.1219283938407898,0.14954955875873566,2.670343703463147,0.1176012884825468,0.002930837293100123,0.1476348713040352,0.0017622866529115428,2.636155213499043
282,0.11662133038043976,0.14547891914844513,2.597658722359704,0.11558815836906433,0.14721599221229553,2.628675745458994,0.11675984412431717,0.14833571016788483,2.648669330309259,0.1216825619339943,0.14955838024616241,2.6705012191629645,0.11766297370195389,0.0027302388213004724,0.14764725044369698,0.0017334011059013865,2.6363762543227303
283,0.1166420578956604,0.14549680054187775,2.5979780109404143,0.11569059640169144,0.14783048629760742,2.6396480975351055,0.1168268471956253,0.1474759876728058,2.6333182014225227,0.12191981077194214,0.14924941956996918,2.664984444635924,0.11776982806622982,0.002811087526947689,0.14751317352056503,0.0015472966230385674,2.6339821886334915
284,0.116869255900383,0.14542776346206665,2.596745290945055,0.11557644605636597,0.1474183201789856,2.632288495749732,0.11701279133558273,0.14704760909080505,2.6256691113239716,0.12209513783454895,0.14908283948898315,2.6620100054327898,0.11788840778172016,0.0028779112492022794,0.1472441330552101,0.0014998891815918912,2.629178225862887
285,0.11731994897127151,0.1454259753227234,2.5967133620869842,0.1157582476735115,0.14586246013641357,2.604507196342124,0.11725319176912308,0.1465827077627182,2.61736787429932,0.12219871580600739,0.14889349043369293,2.658629005436884,0.11813252605497837,0.002805031623548446,0.14669115841388702,0.0015437461965896624,2.619304359541328
286,0.11737049371004105,0.1454944610595703,2.597936237351105,0.11599966883659363,0.14553037285804749,2.598577475250698,0.11742860823869705,0.14629019796848297,2.6121448452665326,0.12261398136615753,0.14904971420764923,2.661418523337024,0.11835318803787231,0.0029162732133176414,0.1465911865234375,0.0016795917023711454,2.61751927030134
287,0.11738088726997375,0.14561018347740173,2.6000025666159354,0.1161038801074028,0.14572584629058838,2.6020678315854964,0.11737515032291412,0.14653968811035156,2.6165997191888937,0.12277039140462875,0.14956623315811157,2.6706414400646596,0.11840757727622986,0.0029699138903060123,0.1468604877591133,0.0018506433690123948,2.6223278893637465
288,0.11744341999292374,0.14577151834964752,2.6028833478353945,0.11622614413499832,0.14629817008972168,2.612287194758766,0.11749304085969925,0.1458088755607605,2.6035503948952616,0.12299691140651703,0.1494424045085907,2.6684303666432405,0.11853987909853458,0.0030285639800877178,0.1468302421271801,0.001757894446965314,2.6217878260331657
289,0.11727901548147202,0.14564117789268494,2.600556000155833,0.11639618873596191,0.1464231312274933,2.614518489790297,0.11741738766431808,0.14558956027030945,2.599634320452849,0.12312772125005722,0.14922356605529785,2.6645228065629802,0.11855507828295231,0.0030818038006860237,0.14671935886144638,0.0017124761349956842,2.61980790424049
290,0.1174437403678894,0.1456247717142105,2.6002630528830317,0.11650214344263077,0.14625126123428345,2.611449594382036,0.11731047183275223,0.14568974077701569,2.601423134726279,0.12299726903438568,0.14901116490364075,2.6607301903717757,0.11856340616941452,0.002985042707304231,0.1466442346572876,0.0016028256467951535,2.618466493090781
291,0.1175556555390358,0.14563840627670288,2.600506510425823,0.11672750115394592,0.14576922357082367,2.6028423724675367,0.11736871302127838,0.14562661945819855,2.6002960460363713,0.12303729355335236,0.1486591249704361,2.654444196439041,0.11867229081690311,0.0029315323146424164,0.1464233435690403,0.0014919212790440001,2.614522281342193
292,0.11759870499372482,0.14568905532360077,2.601410895330685,0.1167193204164505,0.14573857188224792,2.6022950586254354,0.11749647557735443,0.14555808901786804,2.599072372550799,0.12288389354944229,0.14823198318481445,2.646817190467322,0.11867459863424301,0.0028335371096314906,0.1463044248521328,0.0012872927073994496,2.6123988792435604
293,0.11763116717338562,0.14555302262306213,2.5989819074529312,0.11677004396915436,0.14548981189727783,2.59785322232012,0.11734692752361298,0.14546535909175873,2.5974165951859987,0.12282369285821915,0.14803144335746765,2.6432363690346556,0.11864295788109303,0.0028100869852617297,0.1461349092423916,0.0012648954734532163,2.6093720234984263
294,0.11782416701316833,0.14564090967178345,2.6005512108271223,0.11675763130187988,0.1450185924768448,2.5894391699969503,0.11740709841251373,0.1453639715909958,2.595606228933371,0.12290184199810028,0.14813293516635895,2.6450485978040037,0.11872268468141556,0.0028204545669743546,0.14603910222649574,0.001418912167214462,2.607661301890362
295,0.11807473748922348,0.14591456949710846,2.6054376564810773,0.11687373369932175,0.14488545060157776,2.5870618004397445,0.11729319393634796,0.14607170224189758,2.6082434048840692,0.12300506234169006,0.14810724556446075,2.64458988654305,0.11881168186664581,0.002839540779632726,0.14624474197626114,0.001348523794500677,2.611333187086985
296,0.11809461563825607,0.1456529051065445,2.600765400250016,0.11680690944194794,0.1446787565946579,2.58337109052055,0.11736661195755005,0.14588601887226105,2.60492785904721,0.12297797948122025,0.14812718331813812,2.6449458933105423,0.11881152912974358,0.002827222383234971,0.1460862159729004,0.0014576610021693425,2.6085025607820795
297,0.11796882003545761,0.1455998420715332,2.599817911386758,0.11665679514408112,0.14483055472373962,2.586081584496964,0.11736293137073517,0.1458846926689148,2.6049041784774736,0.12297648191452026,0.14817599952220917,2.6458175511358815,0.11874125711619854,0.002873937583979726,0.1461227722465992,0.001439410321972046,2.609155306374269
298,0.11836902797222137,0.1454446166753769,2.5970462204323743,0.11688629537820816,0.14493609964847565,2.5879661853446065,0.11735573410987854,0.1456291526556015,2.6003412785853053,0.12305369228124619,0.14803723990917206,2.6433398717495686,0.11891618743538857,0.0028268832172864923,0.14601177722215652,0.001381744547515562,2.6071733890279636
299,0.11840222030878067,0.1452808380126953,2.594121803106885,0.11661612242460251,0.14518828690052032,2.5924692186278917,0.11755378544330597,0.14538994431495667,2.5960699955968525,0.12313107401132584,0.14794909954071045,2.641766045120484,0.11892580054700375,0.0028968661026163526,0.1459520421922207,0.0013339201966377544,2.606106765613028
300,0.11864547431468964,0.14525042474269867,2.59357874644586,0.116839699447155,0.14540629088878632,2.596361878574385,0.11732154339551926,0.14486649632453918,2.5867233545441914,0.1233382523059845,0.14791414141654968,2.6411418359451955,0.1190362423658371,0.0029678826654337353,0.14585933834314346,0.0013885218415149252,2.604451453877408
301,0.11881466209888458,0.14525365829467773,2.5936364844642052,0.11685439944267273,0.14528124034404755,2.5941289870999507,0.11723383516073227,0.14507773518562317,2.59049521697765,0.1235547587275505,0.14788611233234406,2.640641351094932,0.11911441385746002,0.0030795429894569615,0.14587468653917313,0.0013439766426949125,2.6047255099091844
302,0.11889385432004929,0.14528843760490417,2.5942575007536868,0.11678698658943176,0.14543376863002777,2.59685251869341,0.11741232126951218,0.1451270580291748,2.591375921312776,0.12335383892059326,0.14798429608345032,2.6423945114768492,0.11911175027489662,0.002962846596472459,0.14595839008688927,0.0013564011326795684,2.6062201130591807
303,0.11893805861473083,0.14548327028751373,2.5977364159143432,0.11694357544183731,0.14487196505069733,2.5868210036351256,0.11735869944095612,0.14533403515815735,2.5950716866344985,0.12338690459728241,0.14786246418952942,2.640219091946942,0.11915680952370167,0.0029480593199880272,0.14588793367147446,0.0013418294753193775,2.6049620495327273
304,0.11911974847316742,0.14573165774345398,2.6021716003742275,0.11675812304019928,0.14510677754878998,2.5910137948474867,0.11778419464826584,0.1452256143093109,2.5931357335401244,0.12334316968917847,0.1479235589504242,2.641309994597703,0.11925130896270275,0.0028941914716132337,0.14599690213799477,0.001312703033273822,2.6069077808398857
305,0.11906415224075317,0.14600075781345367,2.606976627440101,0.11695355921983719,0.14549687504768372,2.5979793413095007,0.11777833104133606,0.14508381485939026,2.5906037750950914,0.12320616841316223,0.14813826978206635,2.6451438522305826,0.11925055272877216,0.0027764039368442673,0.1461799293756485,0.0013583359726532568,2.610175899018819
306,0.11924216151237488,0.14617013931274414,2.61000108852088,0.11723537743091583,0.14562663435935974,2.6002963121101885,0.11761290580034256,0.1454140692949295,2.5965007691069943,0.12341877073049545,0.14837470650672913,2.6493656454890253,0.11937730386853218,0.002831528872062237,0.14639638736844063,0.0013567612524145716,2.614040953806772
307,0.11924686282873154,0.14643137156963348,2.614665628611241,0.11741149425506592,0.14561718702316284,2.6001276213100466,0.11751693487167358,0.1447351574897766,2.584378179918874,0.12330512702465057,0.14860346913337708,2.6534504107315797,0.1193701047450304,0.002754994406646251,0.1463467963039875,0.0016562442054842833,2.613155460142935
308,0.11903727799654007,0.14705440402030945,2.6257904409846415,0.11732354015111923,0.1456865817308426,2.6013667270770204,0.11734938621520996,0.14460553228855133,2.582063603782541,0.12329798191785812,0.1490309089422226,2.6610827381796436,0.11925204657018185,0.0028139516587027537,0.1465943567454815,0.0019085691237335134,2.6175758775059617
309,0.11927998811006546,0.14717601239681244,2.6279618694072893,0.11730633676052094,0.14549139142036438,2.5978814261447494,0.11731874942779541,0.14514733850955963,2.591738047778065,0.12331222742795944,0.14921721816062927,2.664409459116828,0.11930432543158531,0.002828329395849923,0.14675799012184143,0.001863778961846204,2.6204977006117334
310,0.1191335916519165,0.147285595536232,2.629918576259409,0.11732906103134155,0.1456131488084793,2.6000555153055696,0.11760526895523071,0.14492127299308777,2.587701441896434,0.1232658177614212,0.149729385972023,2.6735546822898244,0.1193334348499775,0.0027390779732496917,0.14688735082745552,0.002138910583060175,2.6228075539378093
311,0.1190711259841919,0.14823037385940552,2.6467884544950584,0.11730626970529556,0.1458531618118286,2.6043411662801543,0.11789006739854813,0.14517365396022797,2.5922079341393434,0.12309020757675171,0.1500999927520752,2.680172204198864,0.11933941766619682,0.0026060642233710503,0.14733929559588432,0.002259355850540916,2.630877439778355
312,0.11904725432395935,0.14919570088386536,2.6640252485247062,0.11719868332147598,0.145930215716362,2.605717033989199,0.11784257739782333,0.14500857889652252,2.5892603683917526,0.12311720103025436,0.15104101598262787,2.6969750318325634,0.11930142901837826,0.0026567215597760544,0.14779387786984444,0.0028130730929738475,2.638994420684555
313,0.1189204603433609,0.14990705251693726,2.676727080412999,0.11721973866224289,0.1451483517885208,2.5917561407976386,0.1179046705365181,0.144616961479187,2.5822676824003783,0.12307040393352509,0.15137574076652527,2.702951847989644,0.11927881836891174,0.002622507265445838,0.1477620266377926,0.0033853998727867243,2.6384256879001646
314,0.1191415935754776,0.14909249544143677,2.6621824212663734,0.11711599677801132,0.14463044703006744,2.5825084792049977,0.11799238622188568,0.14482145011425018,2.585919013394619,0.12309350073337555,0.1514950841665268,2.705082833192068,0.11933586932718754,0.002638832939090725,0.1475098691880703,0.003361810690825031,2.6339231867645143
315,0.11913471668958664,0.1490115374326706,2.660736842217207,0.11720269918441772,0.14466580748558044,2.5831398723733523,0.1184229925274849,0.14475786685943604,2.584783676416376,0.12314493954181671,0.15151037275791168,2.7053558249285756,0.11947633698582649,0.002572567624024347,0.1474863961338997,0.003362490950493106,2.6335040539838777
316,0.11929034441709518,0.14976777136325836,2.674240088443083,0.11701120436191559,0.14506255090236664,2.5902240877578633,0.11863158643245697,0.14470362663269043,2.583815167721555,0.12334493547677994,0.15054738521575928,2.688160804488237,0.11956951767206192,0.002692978481753942,0.14752033352851868,0.0030653195544492464,2.634110037102684
317,0.11932283639907837,0.15022151172161102,2.682342036178608,0.11718849092721939,0.14549291133880615,2.5979085656741097,0.11893799901008606,0.14453545212745667,2.5808122586199738,0.12335585802793503,0.1504828929901123,2.6870092370071417,0.11970129609107971,0.0026074167876884045,0.14768319204449654,0.0031084287736815506,2.637018024369958
318,0.11934758722782135,0.1490202248096466,2.660891963252669,0.11706145107746124,0.14696849882602692,2.624256525428146,0.11875629425048828,0.14474527537822723,2.5845588440407923,0.12346585094928741,0.1507112830877304,2.6910873504042647,0.11965779587626457,0.00271730407697865,0.1478613205254078,0.0025801946756540436,2.640198670781468
319,0.1195097416639328,0.14961865544319153,2.6715774877537757,0.11699237674474716,0.14667804539203644,2.6190702145821403,0.11865498125553131,0.14541040360927582,2.5964353149479487,0.12365047633647919,0.15031281113624573,2.6839722704569513,0.11970189400017262,0.0028322979503844197,0.14800497889518738,0.0023397019105357896,2.642763821935204
320,0.1189379170536995,0.1496143639087677,2.671500858494405,0.1161743551492691,0.14693263173103333,2.623616085750004,0.11796607822179794,0.14585526287555695,2.604378682688388,0.1228824183344841,0.15010352432727814,2.6802352636935542,0.11899019218981266,0.0028360715029479007,0.14812644571065903,0.0020580090467057052,2.6449327226565877
321,0.11761832237243652,0.14942260086536407,2.668076754540104,0.11502701789140701,0.14706949889659882,2.6260599737615244,0.11655138432979584,0.14621056616306305,2.6107229467871025,0.1214984804391861,0.14978331327438354,2.6745176034344835,0.11767380125820637,0.0027626394804084425,0.14812149479985237,0.0017524136946288512,2.6448443196308036
322,0.11596682667732239,0.14912083745002747,2.662688493666799,0.1132645457983017,0.14751288294792175,2.6339770001940552,0.11498355120420456,0.14654698967933655,2.6167300953593506,0.11976777762174606,0.14962397515773773,2.671672476106537,0.11599567532539368,0.0027515481526520663,0.14820117130875587,0.0014236355262551188,2.6462670163316853
323,0.11422234773635864,0.14886732399463654,2.6581617798137778,0.11158648133277893,0.14783735573291779,2.639770757564862,0.11304756999015808,0.14711302518844604,2.6268371753817368,0.118012435734272,0.14967575669288635,2.6725970826215106,0.11421720869839191,0.0027503063976928297,0.14837336540222168,0.0011278271122039554,2.649341698845472
324,0.11242790520191193,0.14886681735515594,2.658152733303991,0.1098039373755455,0.14836841821670532,2.649253362338142,0.11118141561746597,0.14767038822174072,2.6367894004424786,0.11610813438892365,0.1498795449733734,2.6762359081463396,0.11238034814596176,0.0027064111299276473,0.14869629219174385,0.0009290041757650255,2.6551078510577377
325,0.11062417179346085,0.14920657873153687,2.6642194824113052,0.10796863585710526,0.1489523947238922,2.6596807952365076,0.10927319526672363,0.14831654727458954,2.6483271593802646,0.11409004777669907,0.15017585456371307,2.6815267860025274,0.1104890126734972,0.0026341496455479403,0.14916284382343292,0.0007721420797995488,2.663438555757651
326,0.10879317671060562,0.14963467419147491,2.6718635171073286,0.10629251599311829,0.14955243468284607,2.670395055709878,0.1073254942893982,0.14897377789020538,2.660062611164274,0.11209703981876373,0.1504700928926468,2.686780679598116,0.10862705670297146,0.002530647066345434,0.1496577449142933,0.0006162636424652235,2.6722754658948986
327,0.10698579251766205,0.15007999539375305,2.6798151331361026,0.10435771942138672,0.1501363217830658,2.6808208921653405,0.10547138005495071,0.14963294565677643,2.6718326525445266,0.11005976796150208,0.1508895605802536,2.694270657553947,0.10671866498887539,0.0024741402459150953,0.15018470585346222,0.0005210773452401373,2.681684833849979
328,0.1050446406006813,0.1506638079881668,2.6902396392224786,0.1026962473988533,0.15065276622772217,2.69004247852389,0.10373072326183319,0.15016287565231323,2.681295035707695,0.10811544209718704,0.15134699642658234,2.702438591596152,0.10489676333963871,0.0023511472729517767,0.15070661157369614,0.0004866459973551679,2.691003936262554
329,0.1032852977514267,0.15123939514160156,2.7005172725617275,0.10096707940101624,0.15123742818832397,2.7004821508178494,0.10182609409093857,0.1507611870765686,2.6919784316182636,0.10609226673841476,0.15184393525123596,2.71131188732791,0.10304268449544907,0.0022470010954581446,0.15127048641443253,0.0004435797175779257,2.7010724355814375
330,0.10157082229852676,0.15193048119544983,2.712857244058548,0.09941550344228745,0.15194927155971527,2.7131927631421116,0.10013599693775177,0.1511468142271042,2.6988641559351,0.1042938083410263,0.15224872529506683,2.7185397825737407,0.10135403275489807,0.0021549002568351226,0.15181882306933403,0.0004711320244883766,2.710863486427375
331,0.09977699816226959,0.1526191681623459,2.72515437767079,0.09773745387792587,0.1526286005973816,2.725322802397115,0.09849748015403748,0.15185411274433136,2.711493615745098,0.1023728996515274,0.1528407335281372,2.729110629259609,0.09959620796144009,0.002033459398517418,0.152485653758049,0.0004332765053109191,2.722770356268153
332,0.09813006967306137,0.15335293114185333,2.73825638458024,0.09630858153104782,0.15336504578590393,2.738472702593671,0.09684893488883972,0.15243645012378693,2.721891780523565,0.10061957687139511,0.153431236743927,2.739654602489934,0.097976790741086,0.0019203119324252246,0.1531464159488678,0.0004745601081202178,2.7345688675468525
333,0.09662141650915146,0.15393628180027008,2.748672642378281,0.09483608603477478,0.1539817452430725,2.749484433594737,0.09528648108243942,0.15320241451263428,2.7355687729521105,0.09892633557319641,0.15398183465003967,2.7494860300376405,0.09641757979989052,0.0018362926211851825,0.15377556905150414,0.0003827047740107632,2.745802969740692
334,0.09510009735822678,0.1545819342136383,2.76020135480628,0.09363902360200882,0.1545388251543045,2.7594316032529504,0.09387308359146118,0.15384458005428314,2.747035224106871,0.09734586626291275,0.15446293354034424,2.758076489301652,0.09498951770365238,0.0016965519776075643,0.15435706824064255,0.0003451820216997261,2.756186167866938
335,0.09370069205760956,0.1553593873977661,2.774083490147931,0.09237942099571228,0.15512672066688538,2.7699290135652554,0.09243722259998322,0.15463270246982574,2.76110786830168,0.09570300579071045,0.15510088205337524,2.769467641566129,0.09355508536100388,0.0015563383666735752,0.15505492314696312,0.00030454112210830515,2.768647003395249
336,0.09233657270669937,0.15593686699867249,2.784394914861972,0.0910811796784401,0.15579888224601746,2.7819310713141574,0.09118929505348206,0.15525633096694946,2.772243323627771,0.09418445825576782,0.1556755006313324,2.779727980107256,0.09219787642359734,0.001441063500294668,0.15566689521074295,0.000293792667995455,2.7795743224777896
337,0.09102313220500946,0.15647542476654053,2.794011354765334,0.08995120227336884,0.15644633769989014,2.793491978674045,0.08982260525226593,0.1561192274093628,2.7876511262375834,0.09285285323858261,0.15605537593364716,2.7865109999306306,0.09091244824230671,0.0014010917225402487,0.15627409145236015,0.00021758004130771228,2.7904163649018985
338,0.08966878056526184,0.15710633993148804,2.805276920188064,0.08884155750274658,0.15702691674232483,2.8038587467420757,0.08864347636699677,0.15668360888957977,2.797728672066254,0.09145092964172363,0.15647971630096436,2.7940879840247046,0.0896511860191822,0.0012793701253173684,0.15682414546608925,0.00029390014511369264,2.8002380807552747
339,0.0885489284992218,0.15758085250854492,2.813749774824848,0.08788181096315384,0.15767809748649597,2.8154861725562776,0.08746548742055893,0.15719765424728394,2.806907420540225,0.09005548804998398,0.15696293115615845,2.802716225770767,0.08848792873322964,0.0011363286162098083,0.15735488384962082,0.00033360503175733776,2.80971489842303
340,0.08740434795618057,0.15807360410690308,2.8225483038139565,0.08699195086956024,0.15828557312488556,2.8263332038644604,0.08631374686956406,0.15771189332008362,2.8160896279738203,0.08886083215475082,0.15734809637069702,2.809593701799268,0.08739271946251392,0.001077077437699981,0.15785479173064232,0.000412557716835405,2.8186412093628768
341,0.08638270199298859,0.15851354598999023,2.8304038671947,0.08606012165546417,0.15878789126873016,2.8353025522442485,0.08524813503026962,0.15828052163124084,2.8262430048404097,0.08766630291938782,0.157770037651062,2.8171278480087634,0.08633931539952755,0.0010052200454519148,0.1583379991352558,0.00043170342480483337,2.8272693180720303
342,0.08537106961011887,0.15892182290554047,2.837694023713769,0.0850362777709961,0.15929771959781647,2.8444060018279353,0.08433481305837631,0.15882650017738342,2.835991949504766,0.08654124289751053,0.15823140740394592,2.825366025538725,0.08532085083425045,0.0009210738365803793,0.15881936252117157,0.00044161287313260287,2.835864500146299
343,0.08447407931089401,0.15933823585510254,2.8451294565370615,0.08419331163167953,0.15964336693286896,2.8505778500930665,0.08339331299066544,0.15941205620765686,2.846447586227761,0.08555682748556137,0.15865397453308105,2.8329113468485456,0.08440438285470009,0.0008943898393790469,0.15926190838217735,0.000425622854724755,2.8437665599266087
344,0.0836271420121193,0.15973007678985596,2.8521261336356947,0.08329472690820694,0.15997497737407684,2.85649905682234,0.08251532912254333,0.15991704165935516,2.8554645618208387,0.08459100872278214,0.1590731292963028,2.8403957372542132,0.08350705169141293,0.0008598410702276858,0.1596738062798977,0.0004138625724804931,2.851121372383272
345,0.08276636898517609,0.16020143032073975,2.8605425806232194,0.08239630609750748,0.16056126356124878,2.8669677311623807,0.08163673430681229,0.1603957712650299,2.864012715347907,0.08356108516454697,0.1595890372991562,2.8496077449553416,0.0825901236385107,0.0008000719059894474,0.16018687561154366,0.00042482397070156455,2.8602826930222127
346,0.08189356327056885,0.16090790927410126,2.8731574063732683,0.08170630782842636,0.16111671924591064,2.8768858987745136,0.08079862594604492,0.1609986126422882,2.874776997698922,0.08254672586917877,0.16000741720199585,2.857078299522512,0.08173630572855473,0.0007214924317896357,0.160757664591074,0.0005074185708532714,2.8704746505923042
347,0.0811011791229248,0.16139717400074005,2.881893674089138,0.0809502899646759,0.16177362203598022,2.888615496934543,0.07994404435157776,0.16150130331516266,2.8837529979241414,0.08173390477895737,0.1605604887008667,2.8669538953238836,0.08093235455453396,0.0007411844649770295,0.1613081470131874,0.0005230981776338856,2.8803040160679263
348,0.08026516437530518,0.16198377311229706,2.8923679359793413,0.0801253393292427,0.16235363483428955,2.898972154197518,0.07922979444265366,0.16203415393829346,2.8932675315554928,0.08075509965419769,0.16093653440475464,2.8736685341762223,0.08009384945034981,0.0006361821815588203,0.16182702407240868,0.0006158365003729291,2.8895690389771436
349,0.07960572093725204,0.16226887702941895,2.8974587263249507,0.07948815077543259,0.1627809852361679,2.906602885202678,0.07856128364801407,0.16270633041858673,2.9052698553782124,0.07990750670433044,0.1613905280828476,2.881775005166641,0.07939066551625729,0.0005804456066722048,0.1622866801917553,0.0006387094656937334,2.8977766180181206
350,0.07894713431596756,0.162724569439888,2.9055955297305367,0.07881087064743042,0.16321764886379242,2.914399912343625,0.07783793658018112,0.16328993439674377,2.9156906364311466,0.07913413643836975,0.16175144910812378,2.888219579094462,0.07868251949548721,0.0005784384684500446,0.162745900452137,0.0007089682608027635,2.9059764143999427
351,0.07823692262172699,0.16307944059371948,2.9119320776885513,0.07833115756511688,0.16358792781829834,2.9210115806286847,0.07714858651161194,0.16379515826702118,2.9247118692053005,0.07823390513658524,0.16217494010925293,2.8957813969809525,0.07798764295876026,0.0005611902282581832,0.16315936669707298,0.0007218909067736469,2.913359231125872
352,0.07772751897573471,0.16330786049365997,2.916010723233309,0.07767006009817123,0.16406702995300293,2.9295663860011842,0.07644987851381302,0.1642628014087677,2.9330620638123284,0.07750935852527618,0.16244421899318695,2.900589616932633,0.07733920402824879,0.0006000296273048004,0.1635204777121544,0.0008273054120222563,2.9198071974948636
353,0.0771755576133728,0.16374245285987854,2.9237707661136567,0.07712576538324356,0.1648494005203247,2.9435363257025315,0.07584018260240555,0.1647537648677826,2.9418286639433653,0.07665523141622543,0.1627485156059265,2.9060231103548717,0.07669918425381184,0.0006187941840755763,0.1640235334634781,0.000986571697379756,2.9287897165286063
354,0.07663712650537491,0.16405248641967773,2.92930669795554,0.07640030980110168,0.16534383594989777,2.9523649210329896,0.07513606548309326,0.16520096361637115,2.9498138052731138,0.07584859430789948,0.1633208692073822,2.9162430056757755,0.07600552402436733,0.0006671737890614379,0.16447953879833221,0.0009647715255253551,2.936932107484355
355,0.0760725736618042,0.16448205709457397,2.9369770739594716,0.07588593661785126,0.16587567329406738,2.9618613616447678,0.07453610748052597,0.16571298241615295,2.9589563677079376,0.07523636519908905,0.16372229158878326,2.923410768238906,0.07543274573981762,0.0006969665765513122,0.1649482510983944,0.0010271707884267553,2.945301392887771
356,0.07544226199388504,0.16483572125434875,2.943292069938288,0.07522733509540558,0.16651633381843567,2.9733009393439853,0.07397402077913284,0.16630785167217255,2.96957830056672,0.07452551275491714,0.16418597102165222,2.9316901872105428,0.07479228265583515,0.0006714319136413209,0.1654614694416523,0.0011324838110518198,2.954465374264884
357,0.0749511867761612,0.16518229246139526,2.949480414780089,0.07475978881120682,0.16714531183242798,2.984531915170472,0.07341278344392776,0.16682960093021393,2.9788946092042132,0.07393047213554382,0.1645316332578659,2.937862301549491,0.0742635577917099,0.0007196855540572728,0.16592220962047577,0.0012649793189905996,2.962692310176066
358,0.0744352862238884,0.16562041640281677,2.957303517155127,0.07425080984830856,0.16753245890140533,2.991444779016668,0.07285194844007492,0.1673869788646698,2.988847100338772,0.07338182628154755,0.1648125946521759,2.9428791233739022,0.07372996769845486,0.000744058920524501,0.16633811220526695,0.0013377688352161927,2.9701186299711173
359,0.07397167384624481,0.16605781018733978,2.96511358191312,0.0735507383942604,0.16773933172225952,2.99513868182167,0.072189562022686,0.1677335500717163,2.9950354451805734,0.07282014936208725,0.16528967022895813,2.951397742707255,0.07313303090631962,0.0007886338231977003,0.16670509055256844,0.0012314991329418386,2.9766713629056545
360,0.07338836044073105,0.16673579812049866,2.9772196745245703,0.07306929677724838,0.1683182269334793,3.00547538354835,0.07175467908382416,0.1682489812374115,3.004238938519549,0.07228498160839081,0.16558600962162018,2.956689152711077,0.0726243294775486,0.0007423359513748088,0.1672222539782524,0.0013126640188871489,2.9859057873258865
361,0.072872094810009,0.1672333925962448,2.9861046775042874,0.07249831408262253,0.1686958223581314,3.012217694077684,0.07124131172895432,0.168840691447258,3.0148044637290723,0.07171528786420822,0.16588658094406128,2.9620561276790007,0.07208175212144852,0.0007390988968621734,0.16766412183642387,0.0013897123584872275,2.993795740747511
362,0.07233608514070511,0.16746875643730164,2.9903073134478877,0.07208294421434402,0.16940562427043915,3.0248918542889816,0.07068764418363571,0.1692221313714981,3.0216154213032587,0.07120346277952194,0.16629983484745026,2.9694351528530345,0.0715775340795517,0.0007665229896719949,0.1680990867316723,0.0014835647639077972,3.00156243547329
363,0.07186259329319,0.167770653963089,2.995697968985547,0.07148881256580353,0.16970780491828918,3.030287565229169,0.07022911310195923,0.16982707381248474,3.032417220062507,0.07071392238140106,0.1667153537273407,2.9768546212472913,0.07107361033558846,0.0007387913556063904,0.1685052216053009,0.0015206047616933196,3.0088143438811286
364,0.07133176177740097,0.16826656460762024,3.004552905623915,0.07101196050643921,0.17036131024360657,3.041956498558864,0.06973261386156082,0.17056548595428467,3.0456022420029414,0.07009760290384293,0.16701683402061462,2.9822378267180683,0.07054348476231098,0.000752146356491426,0.16905254870653152,0.0017091656017645,3.0185873682259468
365,0.07093581557273865,0.16870853304862976,3.0124446550438053,0.07060614973306656,0.17082984745502472,3.050322657594927,0.06921684741973877,0.17107585072517395,3.0547152702440497,0.06965970993041992,0.1673951894044876,2.9889937070120816,0.07010463066399097,0.0008017695589782832,0.169502355158329,0.0017614790331495567,3.0266190724737156
366,0.07039076089859009,0.16899622976779938,3.017581742233618,0.0700470432639122,0.17182618379592896,3.06811315123829,0.06874947249889374,0.17161493003368378,3.064341022731015,0.06918781250715256,0.16773298382759094,2.9950253343755175,0.06959377229213715,0.0007568114914044096,0.17004258185625076,0.002006872393991592,3.0362653126446104
367,0.06996434181928635,0.16950339078903198,3.0266375646040156,0.06962385028600693,0.17207039892673492,3.072473835029342,0.06832946091890335,0.17214833199977875,3.0738654010936046,0.06878463178873062,0.16799628734588623,2.9997268587264774,0.06917557120323181,0.0007509659246290011,0.17042960226535797,0.0020351195526036956,3.04317591486336
368,0.0695875734090805,0.16992491483688354,3.0341642607466275,0.06921735405921936,0.17257224023342133,3.081434669046978,0.06797651201486588,0.1726011335849762,3.081950586178643,0.0684652253985405,0.1683150976896286,3.005419508046726,0.06881166622042656,0.0007266632365555202,0.17085334658622742,0.0021066598948441006,3.0507422560047437
369,0.06923528760671616,0.1704195886850357,3.042997113258162,0.06889253854751587,0.1730920672416687,3.090716654162046,0.06760924309492111,0.17282848060131073,3.0860100744085575,0.0681249350309372,0.16855597496032715,3.009720591302712,0.06846550107002258,0.00073577516179915,0.17122402787208557,0.0021470497892251005,3.057361108282869
370,0.06873761862516403,0.17063063383102417,3.0467655167319965,0.06852387636899948,0.17354951798915863,3.0988848542780683,0.06723691523075104,0.1732463538646698,3.0934715824659413,0.06763170659542084,0.16879291832447052,3.013951431070941,0.06803252920508385,0.0007146639038428396,0.17155485600233078,0.0022599651780733504,3.063268346136737
371,0.06835059821605682,0.17120765149593353,3.057068693157702,0.06813031435012817,0.17374944686889648,3.102454766684227,0.06684789061546326,0.1737569272518158,3.1025883357404913,0.0672457218170166,0.16917501389980316,3.020774095893087,0.06764363124966621,0.0007137221227144517,0.17197225987911224,0.0022175543793587086,3.0707214728688768
372,0.0679556205868721,0.17180481553077698,3.0677316013843416,0.06772544234991074,0.1741333156824112,3.1093090942906265,0.06639747321605682,0.17412173748016357,3.109102354934617,0.06696084141731262,0.16941195726394653,3.0250049356613165,0.06725984439253807,0.0007150694128849461,0.17236795648932457,0.00225442527813433,3.0777869965677254
373,0.0675738975405693,0.17196224629878998,3.070542671263679,0.06730753183364868,0.17458279430866241,3.117334944914416,0.06608697026968002,0.17460542917251587,3.117739111042832,0.06654885411262512,0.16969864070415497,3.0301239298315554,0.06687931343913078,0.0006838199402436524,0.1727122776210308,0.002361313894614455,3.0839351642631208
374,0.06717532873153687,0.17236053943634033,3.0776545583251846,0.06700295209884644,0.17493382096290588,3.1236028458275777,0.06563841551542282,0.17521055042743683,3.1285441026878877,0.06619507074356079,0.16990992426872253,3.0338965904864654,0.06650294177234173,0.0007174735230357229,0.1731037087738514,0.002486004324696309,3.090924524331779
375,0.06677115708589554,0.1724754422903061,3.079706253530066,0.06664799898862839,0.1753479540348053,3.1309975693568295,0.06534834951162338,0.1756509244441986,3.1364073822093315,0.06578705459833145,0.17016419768333435,3.0384368741041663,0.06613864004611969,0.0006850050593319965,0.1734096296131611,0.002593969830748471,3.096387019800098
376,0.06638028472661972,0.17262375354766846,3.0823544862332417,0.06633394211530685,0.17573265731334686,3.137866797096996,0.06494434922933578,0.17616048455238342,3.1455060424643078,0.06538743525743484,0.17051658034324646,3.0447289877346986,0.0657615028321743,0.0007113940133920628,0.1737583689391613,0.002674853229054243,3.102614078382311
377,0.06601152569055557,0.1731300950050354,3.0913956745436897,0.06600604206323624,0.1760716587305069,3.143919976439629,0.0647055134177208,0.17660459876060486,3.153436106513884,0.0651078075170517,0.17062591016292572,3.046681171331925,0.06545772217214108,0.0006571685009827426,0.17410806566476822,0.002779101100280144,3.1088582322072824
378,0.06565871089696884,0.1735581010580063,3.0990381127968094,0.06576572358608246,0.17642714083194733,3.150267433424151,0.06435120105743408,0.177012100815773,3.1607124271944556,0.06475596129894257,0.17090556025505066,3.051674578660418,0.06513289920985699,0.0006904295309526486,0.17447572574019432,0.0028183527123132263,3.1154231380189583
379,0.06530842185020447,0.17409943044185638,3.1087040424301806,0.06542441248893738,0.1768501251935959,3.157820204800855,0.06401443481445312,0.1772696077823639,3.1653104488305024,0.06438571959733963,0.17114298045635223,3.0559139327907996,0.06478324718773365,0.0006918578900329927,0.1748405359685421,0.0028378391367121533,3.1219371572130847
380,0.06502113491296768,0.17456406354904175,3.117000490126122,0.06515540182590485,0.17733116447925568,3.166409599769598,0.06363257020711899,0.17757095396518707,3.1706912596369237,0.06399910897016525,0.1713922619819641,3.060365081679719,0.06445205397903919,0.0007517233836449531,0.17521461099386215,0.0028905429018187406,3.1286166078030906
381,0.06471672654151917,0.1749211996793747,3.1233774813043595,0.06480830907821655,0.17779599130153656,3.1747095064251636,0.0634424239397049,0.17788545787334442,3.176307013623984,0.06358586996793747,0.1714649647474289,3.061663255834124,0.06413833238184452,0.0007240883593062674,0.17551690340042114,0.0030319059859598096,3.1340143142969072
382,0.06440729647874832,0.1753392368555069,3.130841916173733,0.06454302370548248,0.1781836450099945,3.1816314167811464,0.063079833984375,0.17849329113960266,3.187160430703781,0.06334299594163895,0.17166562378406525,3.0652462058573287,0.06384328752756119,0.0007395696494717381,0.17592044919729233,0.003171903636095659,3.141219992378997
383,0.0640675276517868,0.17568977177143097,3.1371010366509253,0.06433995813131332,0.17864246666431427,3.1898240956883575,0.062870554625988,0.17869582772254944,3.1907769060279603,0.0630899965763092,0.17197299003601074,3.0707345104859227,0.06359200924634933,0.0007206614504629752,0.17625026404857635,0.0031787125071590858,3.1471091372132918
384,0.06371458619832993,0.17606306076049805,3.1437664518470707,0.06414645910263062,0.17890885472297668,3.1945806973194895,0.06254033744335175,0.17892460525035858,3.1948619373443323,0.06281764805316925,0.1722249835729599,3.0752340848095834,0.06330475769937038,0.000752337421206617,0.1765303760766983,0.0031698728798281697,3.1521107928301193
385,0.06344369798898697,0.17623081803321838,3.146761910881769,0.06382586807012558,0.17920462787151337,3.1998619965182566,0.06232564151287079,0.1793217658996582,3.2019536027957263,0.06252811849117279,0.1724853664636612,3.0798834586923602,0.06303083151578903,0.0007193875109556451,0.1768106445670128,0.0032187531690661005,3.1571152422220283
386,0.06312353909015656,0.1766267567873001,3.153831758280148,0.0636073499917984,0.17933332920074463,3.2021600760779187,0.0620548389852047,0.1794973462820053,3.2050887505844847,0.06229356303811073,0.17280983924865723,3.0856772160631674,0.0627698227763176,0.0007221708540084531,0.17706681787967682,0.0031283681962025753,3.16168945025143
387,0.06274466216564178,0.177109032869339,3.1624432373757236,0.06344296038150787,0.1797919124364853,3.2103484978040533,0.061847444623708725,0.1798778623342514,3.2118832115820015,0.062159959226846695,0.1730116307735443,3.0892803876964834,0.06254875659942627,0.0007026097254694796,0.177447609603405,0.003224615041251575,3.1684888336145653
388,0.06251083314418793,0.17740370333194733,3.167704847112013,0.06321192532777786,0.1801174432039261,3.216161146415885,0.06156119331717491,0.18030668795108795,3.21954028389507,0.061853572726249695,0.17312274873256683,3.091264500151781,0.0622843811288476,0.0007348957402066792,0.17773764580488205,0.00335023410986816,3.1736676943936875
389,0.06234024837613106,0.17789185047149658,3.1764211592915883,0.06302046775817871,0.1802256554365158,3.218093374476817,0.0614069439470768,0.1806418001651764,3.225524017971399,0.06158660724759102,0.17329926788806915,3.094416410591027,0.062088566832244396,0.000741250321528879,0.17801464349031448,0.0033684997262004427,3.178613740582708
390,0.06199178472161293,0.1783723682165146,3.1850012416767273,0.06268376111984253,0.18023256957530975,3.2182168327280256,0.06120721250772476,0.18107685446739197,3.2332923091400825,0.06129863113164902,0.17347972095012665,3.097638564518029,0.06179534737020731,0.0006881124573021064,0.17829037830233574,0.003400279540745306,3.1835372370157162
391,0.061788808554410934,0.17879697680473328,3.1925830150995123,0.0624530091881752,0.18036387860774994,3.2205614752057086,0.061022285372018814,0.1812325119972229,3.2360717162351658,0.061054542660713196,0.17369750142097473,3.1015272333572637,0.061579661443829536,0.0006813947994682052,0.1785227172076702,0.0033709933658288777,3.1876858599744127
392,0.06157327815890312,0.17917853593826294,3.1993961012642362,0.06208930164575577,0.18076083064079285,3.227649415623661,0.0608212947845459,0.1814400553703308,3.239777592361944,0.06088751181960106,0.17376923561096191,3.102808112713547,0.06134284660220146,0.0006026718004345841,0.17878716439008713,0.0034768745516305134,3.192407805490847
393,0.061378806829452515,0.1793077141046524,3.201702695186051,0.06190406158566475,0.18108485639095306,3.23343519077995,0.060587283223867416,0.18157954514026642,3.2422683093653015,0.06057430058717728,0.17395994067192078,3.1062133254268227,0.06111111305654049,0.0006488432390951176,0.17898301407694817,0.0034879034397950616,3.1959048801895316
394,0.06110554561018944,0.1795281618833542,3.2056389912385757,0.06169890984892845,0.18131965398788452,3.2376277159184945,0.06039757281541824,0.1818358302116394,3.2468445129483334,0.06035509705543518,0.17419208586215973,3.1103584894258947,0.06088928133249283,0.0006401558872786829,0.17921893298625946,0.0034940899785560766,3.200117427382825
395,0.06088726595044136,0.1796564906835556,3.207930418952807,0.061526600271463394,0.18146519362926483,3.2402264588916587,0.060099922120571136,0.18204842507839203,3.250640588099162,0.06008211523294449,0.17429518699645996,3.112199454167507,0.060648975893855095,0.000695173300716112,0.1793663240969181,0.0035307953366666383,3.2027492300277838
396,0.06081042438745499,0.17986172437667847,3.2115950536379096,0.06125958263874054,0.18148572742938995,3.240593108611842,0.0598907507956028,0.18248747289180756,3.2584801870508704,0.05987914279103279,0.17443476617336273,3.114691767613769,0.06045997515320778,0.0006888563950357764,0.17956742271780968,0.003588749208977185,3.2063400292285977
397,0.0605652816593647,0.179790660738945,3.210326147603403,0.061128925532102585,0.18171747028827667,3.244731088617848,0.059613075107336044,0.1828235685825348,3.264481481999139,0.05970599502325058,0.17458957433700562,3.117456008501269,0.06025331933051348,0.0007242198739601275,0.17973031848669052,0.0036491030878794675,3.209248681680415
398,0.060522012412548065,0.179935485124588,3.21291211903334,0.060819361358881,0.18163509666919708,3.2432602325560422,0.059552956372499466,0.1829509139060974,3.266755348841431,0.059426069259643555,0.17469915747642517,3.119412715353389,0.06008009985089302,0.0006946055356445512,0.17980516329407692,0.003620896862187932,3.2105851039460505
399,0.06032566353678703,0.1802164912223816,3.2179297390792034,0.06065838783979416,0.18163461983203888,3.2432517181938896,0.05931524187326431,0.18306443095207214,3.2687822991813076,0.059240978211164474,0.1749027818441391,3.123048614066228,0.059885067865252495,0.0007145398221812955,0.17995458096265793,0.003562909339164019,3.2132530926301572
